sectors,keyword_pt
Transversal,3discoteca
Agro,abelhas nativas
Piscícola,adubação de tanques de aquicultura
Transversal,absorção
Transversal,óleos essenciais
Transversal,atividade antioxidante
Piscícola,aquicultura
Piscícola,aquicultura em recursos aquáticos
Salud,adenovírus oncolítico
Transversal,gestão da segurança 
Transversal,gerência de água
Transversal,ADN
Biotecnología,DNA recombinante
Biotecnología,agentes de biocontrole
Biotecnología,amplicon
Transversal,adsorção
Biotecnología,análise bioquímica
Agro,agricultura
Agro,agricultura apoiada pelo desenvolvimento
Agro,agricultura celular
Agro,agricultura de conservação
Agro,Agricultura de precisão
Agro,agricultura na área rural
Agro,Agricultura orgânica
Agro,agricultura ambiente controlado
Agro,agricultura familiar
Agro,agricultura híbrida
Agro,agricultura inteligente
Agro,Agricultura orgânica
Agro,agricultura periurbana
Agro,agricultura com desperdício zero
Agro,Agricultura sustentável
Agro,agricultura urbana
Agro,agroalimentar
Agro,agrobactéria
Agro,agrobiodiversidade
Agro,agroecologia
Agro,agrossilvicultura
Agro,agroinfiltração
Agro,agronegócio
Agro,agronomia
Residuos,águas residuais de café
Transversal,alcalóides
Salud,alimentos funcionais
Transversal,estocar matérias-primas alimentares
Biotecnología,análise de DNA
Transversal,ambiente
Transversal,ameaças ambientais
Biotecnología,análise fitoquímica
Biotecnología,análise genética
Biotecnología,antibacterianos
Transversal,análise ambiental
Biotecnología,anticorpos policlonais
Transversal,análise composicional
Transversal,análise quantitativa
Biotecnología,antimicrobianos
Agro,análise de alimentos
Transversal,análise de cadeias de valor
Transversal,análise de custo-efetividade
Transversal,análise da cadeia de valor
Transversal,análise política
Agro,análise de produção agrícola
Transversal,análise de redes sociais
Agro,análise de solo
Biotecnología,aptâmero
Transversal,análise econométrica
Transversal,análise econômica
Transversal,análise estatística
Biotecnología,ana
Forestal,análise florestal
Transversal,análise funcional
Biotecnología,bactérias do ácido láctico
Transversal,análise microbiológica
Transversal,análise microbiológica em alimentos
Transversal,análises químicas
Biotecnología,bacteriologia
Biotecnología,bioatividade
Biotecnología,biocatálise
Salud,antibióticos
Salud,anticorpo
Salud,anticorpo monoclonal
Biotecnología,biocontrole
Biotecnología,biodegradação
Transversal,antioxidantes
Transversal,antioxidantes naturais
Transversal,antocianinas
Agro,apicultura
Biotecnología,bioestimulação
Transversal,aptâmero de ácido l-ribonucléico
Transversal,harmonia com a natureza
Biotecnología,biofabricação
Biotecnología,biofuncionalização
Transversal,arqueobotânica
Transversal,arquitetura sustentável
Transversal,bactérias
Biotecnología,biohidrometalurgia
Biotecnología,bioinformática
Biotecnología,bioinstrumentação
Transversal,bacteriologia
Biotecnología,biologia celular molecular
Transversal,baseado na natureza
Transversal,banco de dados ncbi
Residuos,resíduos verdes
Biotecnología,biologia de engenharia
Transversal,bens e serviços ecológicos
Biotecnología,biologia molecular
Agro,biologia reprodutiva de plantas
Transversal,bioacústica
Energía,biochar
Biotecnología,biologia sintética
Biotecnología,biomateriais poliméricos
Transversal,biociências
Energía,biocombustível
Salud,biocompatibilidade
Biotecnología,bionanotecnologia
Biotecnología,bioprospecção
Transversal,biodegradação microbiana
Energía,biodiesel
Energía,biodigerir
Energía,biodigestados
Transversal,biodiversidade
Agro,biodiversidade agrícola
Agro,colheita de plantas
Transversal,bioeconomia
Transversal,bioeletrônica
Energía,bioenergia
Transversal,bioestatística
Biotecnología,bioprospecção
Transversal,bioética
Biotecnología,biorreator
Transversal,biofabricação
Salud,biofarmacêutico
Agro,biofertilizantes
Transversal,biofísica
Biotecnología,biorreator
Energía,biohidrogênio
Biotecnología,biorrefinação
Biotecnología,biorrefinaria
Biotecnología,biorrefinarias de próxima geração
Agro,bioinsumos
Salud,biolenda
Agro,biolixiviação
Transversal,biologia
Transversal,biologia aplicada
Biotecnología,biorremediação 
Transversal,biologia combinatória
Transversal,biologia Computacional
Transversal,biologia de conservação
Piscícola,biologia da ecologia aquática
Biotecnología,biorremediação ambiental
Transversal,biologia da reprodução
Piscícola,biologia dos peixes
Transversal,biologia de sistemas
Transversal,biologia de sistemas complexos
Agro,biologia do solo
Transversal,biologia floral
Forestal,biologia florestal
Transversal,biologia fúngica
Biotecnología,biorremediação in situ
Transversal,biologia molecular microbiana
Biotecnología,biossensores fotônicos
Transversal,biologia reprodutiva
Agro,métodos de colheita de plantas
Biotecnología,bioseparação
Agro,nutrição do solo vegetal
Transversal,biomagnetismo
Salud,biomarcador 
Salud,biomarcadores
Transversal,biomassa
Transversal,biomateriais
Biotecnología,biossurfactante
Transversal,biomecânica
Salud,biomedicina
Energía,biometano
Transversal,biomimética
Transversal,biomimético
Transversal,biomimética
Biotecnología,biotecnologia ambiental
Transversal,biônica
Agro,biopesticida
Agro,biopesticidas microbianos
Transversal,biopirataria
Agro,bioplásticos
Transversal,biopolimerização
Transversal,biopolímeros
Transversal,bioprocessador
Transversal,bioprocesso
Transversal,bioprodutos
Biotecnología,biotecnologia animal
Biotecnología,biotecnologia de fermentação
Transversal,bioquímica
Transversal,bioquímica analítica
Agro,bioquímica animal
Transversal,bioquímica de proteínas
Agro,nutrição vegetal
Transversal,bioquímicos
Biotecnología,biotecnologia de cogumelos
Biotecnología,biotecnologia industrial
Transversal,biorreator de algas
Agro,proteção de plantas
Biotecnología,biotransdutor
Biotecnología,biotransformação
Biotecnología,biotransformação
Biotecnología,biovalorização
Biotecnología,boas práticas de laboratório (glp)
Biotecnología,catálise enzimática
Transversal,biorobótica
Agro,biossegurança pecuária
Biotecnología,Ciências da Vida
Biotecnología,cinética de reação
Biotecnología,citogenética
Transversal,biossimilar
Transversal,biossíntese
Biotecnología,citometria de fluxo
Transversal,biotecnologia
Agro,biotecnologia agrícola
Biotecnología,clonagem
Biotecnología,clonagem molecular
Biotecnología,compartimentalização in vitro
Biotecnología,compostos bioativos
Forestal,biotecnologia florestal
Biotecnología,conjugação bacteriana
Transversal,biotecnologia microbiana
Biotecnología,controle biológico
Biotecnología,conversão de biomassa
Biotecnología,crocante
Biotecnología,cromatografia
Biotecnología,cromatografia liquida
Agro,botânica
Agro,boas práticas agrícolas
Biotecnología,cromatografia líquida de alta eficiência (hplc)
Transversal,cadeia de mantimentos
Agro,qualidade alimentar
Transversal,qualidade da água
Piscícola,qualidade da água da aquicultura
Agro,calo 
Transversal,das Alterações Climáticas
Agro,carne cultivada
Biotecnología,cultura de células
Agro,catalisadores de fertilizantes
Transversal,célula de eletrólise microbiana
Salud,célula-tronco adulta
Salud,células-tronco
Salud,célula-tronco embrionária
Salud,células-tronco induzidas
Residuos,cinza de carvão
Residuos,cinza de madeira
Transversal,certificação sustentável
Biotecnología,cultura de células bacterianas
Biotecnología,cultura axênica
Salud,Ciência biomédica
Transversal,ciência dos biomateriais
Agro,Ciência gastronômica
Salud,Ciência médica
Biotecnología,dados botânicos
Biotecnología,diagnóstico molecular
Transversal,circularidade
Transversal,círculos de sustentabilidade
Biotecnología,dinâmica molecular
Biotecnología,projeto de biorreator
Salud,citotoxicidade
Biotecnología,projeto racional
Biotecnología,diversidade genética
Biotecnología,ecobiotecnologia
Transversal,Codificação de 2 bases
Biotecnología,ecologia comportamental
Biotecnología,ecologia do fitoplâncton
Energía,combustível biodiesel
Energía,combustível neutro em carbono
Agro,alimento funcional
Piscícola,comida de peixe
Biotecnología,economia de base biológica
Agro,composição de produtos alimentares
Transversal,composição química do açúcar
Agro,composto
Biotecnología,edição de escolha
Transversal,computação biológica
Transversal,comunidade sustentável
Biotecnología,edição genética
Biotecnología,edição do gene crispr
Salud,conjugado anticorpo-droga
Salud,conjugado anticorpo-oligonucleotídeo
Transversal,conservação
Transversal,conservação biológica
Forestal,conservação florestal
Agro,conservação de culturas
Transversal,conservação da Biodiversidade
Agro,preservação de alimentos
Transversal,conservação de recursos naturais
Transversal,conservação da Vida Selvagem
Agro,conservação do solo
Agro,conservação do solo e da água
Transversal,conservação da Natureza
Turismo,conservação da Natureza
Biotecnología,edição do genoma
Transversal,construção sustentável
Transversal,consumo verde
Transversal,poluição ambiental
Biotecnología,edição principal
Agro,controle biológico
Agro,taxonomia vegetal
Transversal,controle do processo
Transversal,conversão de biomassa
Biotecnología,construção verde
Transversal,corredor de ciências biológicas de michigan
Agro,vírus de planta
Transversal,crescimento limpo
Agro,criação de animais
Agro,criação de mutação
Agro,reprodução selecionada
Biotecnología,eletrocinética de carga induzida
Biotecnología,eletroforese
Biotecnología,eletroforese em gel
Biotecnología,eletroporação
Salud,corpos de inclusão
Transversal,questões de conservação
Agro,cultivar culturas para biomassa
Agro,cultivar colheitas para biomassa
Biotecnología,embriogênese somática
Transversal,Cultivo de células 3D por levitação magnética
Biotecnología,empalação
Agro,cultivo de larvas
Transversal,cultura microbiana
Agro,cultivo de culturas para biomassa
Transversal,culturas alimentares microbianas
Agro,colheitas industriais
Agro,culturas geneticamente modificadas
Agro,culturas que crescem para biomassa
Biotecnología,ensaios in vitro
Biotecnología,ensaios in vivo
Biotecnología,enzima de restrição
Transversal,de base biológica
Salud,dendrossomo
Biotecnología,enzimas
Agro,desenvolver políticas agrícolas
Biotecnología,enzimologia
Agro,desenvolvimento agrícola
Agro,desenvolvimento de biopesticida
Transversal,desenvolvimento de bioprocessos
Transversal,desenvolvimento de bioprodutos
Transversal,desenvolvimento de bioprodutos
Transversal,desenvolvimento ecoindustrial
Transversal,desenvolvimento ecologicamente sustentável
Transversal,desenvolvimento económico sustentável
Salud,desenvolvimento farmacêutico
Transversal,desenvolvimento Regional
Transversal,desenvolvimento regional sustentável
Transversal,desenvolvimento Rural
Transversal,desenvolvimento rural sustentável
Transversal,desenvolvimento sistêmico
Transversal,desenvolvimento sustentável
Salud,descoberta de leads baseada em fragmentos
Residuos,desperdício de comida
Residuos,detritos marinhos
Residuos,desperdício de perda de alimentos
Residuos,desperdício de seda
Transversal,destilação
Transversal,determinar a otimização do processo
Transversal,dívida de efeito estufa
Biotecnología,epigenômica
Energía,digestão anaeróbica
Energía,digestor anaeróbico
Biotecnología,escala de piloto
Transversal,dinâmica estrutural
Biotecnología,espectrometria
Biotecnología,espectrometria de massa
Transversal,design de engenharia
Transversal,design de produto 
Transversal,projetar sistema de biomassa
Biotecnología,espectrometria de massa de proteínas
Piscícola,diversidade de algas
Transversal,diversidade de ecossistemas
Transversal,diversidade de espécies
Biotecnología,etnobotânica
Transversal,diversidade microbiana
Agro,diversificação de culturas 
Biotecnología,avaliação de impacto ambiental
Transversal,duocarmicina
Biotecnología,expressão proteica
Transversal,ecologia
Piscícola,ecologia aquática
Transversal,ecologia comunitária
Transversal,ecologia do ecossistema
Transversal,ecologia fúngica
Transversal,ecologia da conservação
Piscícola,ecologia dos peixes
Biotecnología,expressão de proteína recombinante
Biotecnología,expressão heteróloga
Forestal,ecologia florestal
Transversal,ecologia microbiana
Agro,plantas de baga
Transversal,econometria aplicada
Agro,economia agrícola
Transversal,Economia aplicada
Transversal,economia de baixo carbono
Transversal,economia circular
Biotecnología,Extração
Transversal,economia da agricultura
Transversal,economia ecológica
Biotecnología,extração de ácido graxo
Transversal,ecourbanismo
Biotecnología,extração de DNA
Biotecnología,extração de compostos bioativos
Biotecnología,extrair ácido graxo
Transversal,edição genética saltadora
Biotecnología,extremófilos
Biotecnología,fermentação
Biotecnología,fermentação em escala de laboratório
Biotecnología,fermentação em escala de produção
Transversal,efeito rebote na conservação
Energía,eficiência energética
Agro,eficiência pecuária
Biotecnología,fermentação de levedura
Agro,Melhoria do solo 
Turismo,Turismo sustentável
Residuos,elaboração de processos de gestão de resíduos
Biotecnología,fermentação em estado sólido
Biotecnología,fermentação industrial
Biotecnología,fitoquímica
Energía,eletrohidrogênese
Energía,eletrometanogênese
Biotecnología,fitorremediação
Transversal,eletrossíntese microbiana
Biotecnología,formulação de ração
Residuos,eliminação de resíduos bioquímicos
Biotecnología,fosfoproteômica
Energía,emissão líquida zero de carbono
Biotecnología,fotobiologia
Transversal,empregos verdes
Biotecnología,fotofísica
Biotecnología,fotossíntese
Transversal,endonuclease i-scei codificada por íntron
Energía,energia de biogás
Energía,energia de biogás
Energía,energia limpa
Energía,energia para o desenvolvimento sustentável
Energía,energia Sustentável
Biotecnología,fungicultura
Biotecnología,fusão somática
Biotecnología,genética
Biotecnología,genética quantitativa
Transversal,entomologia
Agro,entomologia agrícola
Biotecnología,genética de fungos
Biotecnología,genética populacional
Salud,entrega intracelular
Biotecnología,genética do arroz
Biotecnología,genética molecular
Agro,plantas agrícolas
Biotecnología,genômica
Biotecnología,genotipagem
Biotecnología,genotipagem por sequenciamento
Biotecnología,hidrólise enzimática
Biotecnología,fungos filamentosos
Biotecnología,identificação molecular
Transversal,redação científica
Transversal,espectro eletromagnético
Transversal,espectrofotometria
Biotecnología,engenharia biomolecular
Biotecnología,engenharia bioquímica
Biotecnología,engenharia biotecnológica
Transversal,espectroscopia
Agro,estatísticas agrícolas
Transversal,padrões e certificação de sustentabilidade
Piscícola,lagoas de aquicultura 
Residuos,lagoas de aquicultura de esterco
Residuos,adubação de tanques em aquicultura
Transversal,estratégia macrorregional
Piscícola,estratégias de aquicultura em desenvolvimento
Agro,estratégias de irrigação
Piscícola,estratégias para a aquicultura
Biotecnología,engenharia de biomateriais
Transversal,estrutura proteica
Biotecnología,engenharia de proteínas
Energía,estudo de viabilidade sobre energia de biogás
Transversal,estudos ambientais
Biotecnología,engenharia de reação bioquímica
Biotecnología,Engenharia genética
Transversal,avaliação impactante
Biotecnología,engenharia metabólica
Transversal,avaliação da biodiversidade
Piscícola,avaliação da taxa de crescimento de espécies de peixes cultivadas
Piscícola,avaliando amostras de peixes para diagnóstico
Transversal,avaliação do ciclo de vida
Agro,comportamento alimentar das larvas avaliando
Piscícola,avaliação do impacto ambiental da aquicultura
Transversal,avaliar o desempenho do sistema
Transversal,avaliar custos de produção
Biotecnología,inoculantes biológicos
Biotecnología,expressão genetica
Biotecnología,lipidômica
Biotecnología,lipoproteínas
Biotecnología,mamíferos
Biotecnología,marcadores moleculares
Biotecnología,materiais ecológicos
Biotecnología,materiais nanoestruturados
Biotecnología,materiais poliméricos
Agro,mamona
Biotecnología,melhoramento molecular
Salud,farmacêutica
Salud,farmacocinética
Salud,farmacogenética
Salud,farmacogenômica
Salud,farmacognosia
Agro,plantas leguminosas
Biotecnología,metabólitos secundários
Biotecnología,metabolômica
Biotecnología,metagenômica
Biotecnología,micorremediação
Biotecnología,microbiologia geral
Biotecnología,microbiologia molecular
Transversal,fermentação microbiana
Agro,fertilidade do solo
Agro,fertilidade do solo
Agro,fertilizantes
Biotecnología,microfluídica
Agro,ficotecnologia
Transversal,financiamento misto
Biotecnología,microfluídica digital
Agro,fitorremediação
Biotecnología,microinjeção
Agro,fitotecnologia
Transversal,flavonóides
Biotecnología,microorganismos
Biotecnología,microtransportador
Salud,formulação farmacêutica
Biotecnología,micropropagação
Biotecnología,Microscópio Fluorescente
Biotecnología,modelagem cinética
Biotecnología,nanobiotecnologia
Biotecnología,nanociência
Biotecnología,nanofabricação
Biotecnología,nanomateriais
Biotecnología,nanoneurônica
Agro,genética animal
Biotecnología,nanopartículas
Biotecnología,nanotecnologia
Biotecnología,ômicas
Biotecnología,ONGs
Biotecnología,pcr
Biotecnología,polímeros
Salud,geneexpert infinito
Biotecnología,polímeros biodegradáveis
Biotecnología,precipitação de proteínas
Agro,genômica animal
Biotecnología,preparação enzimática
Biotecnología,probióticos
Biotecnología,procedimentos de secagem
Biotecnología,processamento a montante
Transversal,gestão ambiental
Transversal,gestão ambiental
Forestal,gestão florestal
Transversal,gestão de engenharia
Transversal,gestão da cadeia de abastecimento
Transversal,gestão da Qualidade
Transversal,gestão da inovação
Transversal,Gerenciamento de Produção
Transversal,Gerenciamento de Produção
Transversal,gestão de sustentabilidade
Transversal,gestão de laboratório
Salud,gestão de nutrientes
Transversal,gestão de recursos hídricos
Transversal,gestão de recursos naturais
Residuos,gestão de resíduos
Residuos,gestão de resíduos
Transversal,gestão de abastecimento sustentável
Transversal,gestão de rendimento
Piscícola,biologia dos peixes
Piscícola,gestão da pesca
Piscícola,métodos de colheita de peixe
Transversal,Gestão sustentável
Transversal,gestão sustentável de recursos
Piscícola,gerenciar a pesca usando conhecimento biológico
Transversal,governança ambiental
Agro,fazenda saudável
Transversal,habilidades de laboratório
Transversal,herpetologia
Biotecnología,processamento a jusante
Biotecnología,processamento enzimático
Transversal,fungos
Biotecnología,processamento enzimático
Agro,horticultura
Transversal,pegada ambiental do produto
Biotecnología,processo de fermentação
Biotecnología,processos bioquímicos
Piscícola,identificar o impacto ambiental de atividades aquícolas específicas
Piscícola,identificar o impacto de atividades aquícolas específicas
Agro,identificando características das culturas
Biotecnología,produção de proteína
Transversal,impacto do aquecimento global
Transversal,impacto ambiental
Biotecnología,produtos bioquímicos
Transversal,indústrias sustentáveis
Piscícola,relatando a produção de peixes colhidos
Transversal,relatórios de sustentabilidade
Biotecnología,proteína da célula hospedeira
Biotecnología,proteína unicelular
Biotecnología,proteínas recombinantes
Transversal,engenharia de águas residuais
Agro,Engenharia de Alimentos
Biotecnología,proteômica
Transversal,engenharia de bioprocessos
Transversal,engenharia de bioprodutos
Transversal,engenheiro de design
Transversal,Engenharia de Produção
Transversal,Engenharia de produto
Biotecnología,testes de biomateriais
Biotecnología,testes genômicos
Salud,engenharia de tecidos
Biotecnología,purificação de proteínas
Biotecnología,química bioinorgânica
Transversal,engenheiro químico 
Biotecnología,reação em cadeia da polimerase
Salud,imunotriagem
Salud,imunoterapia contra câncer
Transversal,inovação empresarial
Biotecnología,reação em cadeia da polimerase (pcr)
Energía,instalações de biogás
Energía,instalações de biomassa
Salud,instrumentação biomédica
Transversal,instrumentação de química analítica
Agro,intensificação sustentável
Biotecnología,reação em cadeia da polimerase com transcrição reversa
Biotecnología,reação em cadeia da polimerase em tempo real (qpcr)
Transversal,interações microbianas
Transversal,investimento estratégico sustentável
Transversal,investimento rural
Transversal,investigação
Transversal,investigação laboratorial
Transversal,pesquisa rural
Transversal,pesquisa e desenvolvimento
Biotecnología,reatores bioquímicos
Transversal,gerenciamento de operações
Biotecnología,sequenciamento de DNA
Biotecnología,sequenciamento do genoma
Agro,produção de alimentos
Agro,produção agrícola
Agro,rotação de colheitas
Salud,laboratório médico
Biotecnología,sonoporação
Agro,cultivo sustentável
Biotecnología,subclonagem
Biotecnología,técnicas básicas de biologia molecular
Biotecnología,técnicas biotecnológicas
Biotecnología,técnicas de biologia molecular
Biotecnología,técnicas baseadas em laboratório
Biotecnología,técnicas in vitro
Biotecnología,tecnologia de fermentação
Biotecnología,tecnologia de reprodução assistida
Biotecnología,tecnologia pós-colheita
Biotecnología,rna terapêutica
Biotecnología,terapia bacteriana
Biotecnología,termodinâmica de ácidos nucleicos
Biotecnología,transcriptômica
Biotecnología,transcriptômica unicelular
Biotecnología,transfecção
Biotecnología,transferir DNA
Biotecnología,transposão
Biotecnología,processos biocatalíticos
Biotecnología,vetor de expressão
Residuos,pasta de carvão
Agro,métodos agrícolas
Transversal,macroeconomia
Biotecnología,xenobiologia
Agro,manejo de culturas
Residuos,manipulação de resíduos bioquímicos
Salud,gestão de saúde
Salud,gestão de saúde 
Forestal,gestão florestal sustentável
Agro,gestão de gado
Agro,gestão integrada de doenças
Agro,controle de pragas integrado
Transversal,manutenção de Equipamento
Piscícola,manutenção de lagoa de aquicultura
Agro,amendoim
Biotecnología,sequenciamento
Biotecnología,DNA de Hachimoji
Biotecnología,ligase de DNA
Transversal,material bioinstrutivo
Biotecnología,amplificação da polimerase recombinase
Biotecnología,amplificação dependente de helicase
Biotecnología,análise de espaçador intergênico ribossômico
Transversal,matlab
Biotecnología,analisar culturas celulares
Biotecnología,análogo de aminoácido fotorreativo
Transversal,mecanismos de produção de amido
Salud,medicamentos especiais
Salud,medicina de precisão
Salud,medicina personalizada
Salud,medicina viva
Transversal,medição de sustentabilidade
Forestal,medições florestais 
Biotecnología,rna longo não codificante
Energía,medidor de biogás
Energía,medidor de biogás
Energía,medidor de biogás operacional
Transversal,meios de subsistência sustentáveis
Biotecnología,bactérias que direcionam tumores
Transversal,otimização
Biotecnología,biblioteca química codificada por DNA
Biotecnología,biochip
Biotecnología,biorreator de musgo
Agro,plantas pesticidas
Energía,mercado de energia
Transversal,mercados sustentáveis
Biotecnología,biossensor fluorescente de glicose
Biotecnología,química-seq
Transversal,metagenia
Biotecnología,sequenciamento de chips
Transversal,metas de desenvolvimento sustentável
Agro,cultivo de plantas
Biotecnología,ta clonando
Transversal,métodos microbiológicos
Transversal,métricas sustentáveis
Transversal,micologia ambiental
Biotecnología,coeficiente síncrono de alteração de arrasto
Transversal,microalgas
Biotecnología,condensação de DNA
Transversal,microbiologia
Piscícola,microbiologia aquática
Agro,microbiologia agrícola
Transversal,microbiologia ambiental
Transversal,microbiologia aplicada
Salud,microbiologia clínica
Agro,microbiologia do solo
Biotecnología,cultura em lote alimentado
Biotecnología,fusão de alta resolução
Salud,microfisiometria
Biotecnología,desenvolver processos biocatalíticos
Biotecnología,dímero primário
Biotecnología,gotejamento-seq
Salud,micronutrição
Biotecnología,knock-in genético
Transversal,microorganismos patogênicos
Transversal,microesferas 
Biotecnología,eletrotransferência genética
Biotecnología,endonuclease homing
Biotecnología,ensaio de cultura celular
Transversal,microsustentabilidade
Transversal,mineração de dados e descoberta de conhecimento
Biotecnología,ensaio de ligação de seleção e amplificação
Transversal,mitigação das alterações climáticas
Biotecnología,ambiente virtual integrado de alto desempenho
Transversal,modelagem de bioprocessos
Transversal,modelagem de sistema
Transversal,modelagem econômica
Transversal,modelagem e simulação
Transversal,modelo de negócios inclusivo
Transversal,monitoramento da biodiversidade
Transversal,monitoramento de parâmetros ambientais
Salud,morfolino
Piscícola,amostras de peixes para diagnóstico
Biotecnología,entrega de genes
Biotecnología,enzima de corte raro
Biotecnología,enzima cortante
Biotecnología,equipamento de análise bioquímica
Biotecnología,equivalência substancial
Biotecnología,estreptâmero
Biotecnología,estudo de viabilidade em sistema de biomassa
Biotecnología,tag-strep
Biotecnología,fora da fabricação de compósitos em autoclave
Biotecnología,fermentação em escala de produção
Transversal,negócio sustentável
Biotecnología,fertilizantes nitrogenados
Biotecnología,fotobiotina
Biotecnología,genômica de cores
Biotecnología,genotipagem snp
Salud,nutrição
Piscícola,nutrição da aquicultura
Agro,nutrição animal
Agro,doenças de plantas
Agro,Fisiologia vegetal
Agro,nutriente do solo
Transversal,nutrigenômica
Transversal,objetivo de desenvolvimento sustentável 1
Transversal,objetivo de desenvolvimento sustentável 10
Transversal,objetivo de desenvolvimento sustentável 11
Transversal,objetivo de desenvolvimento sustentável 12
Transversal,objetivo de desenvolvimento sustentável 13
Transversal,objetivo de desenvolvimento sustentável 14
Transversal,objetivo de desenvolvimento sustentável 15
Transversal,objetivo de desenvolvimento sustentável 16
Transversal,objetivo de desenvolvimento sustentável 17
Transversal,objetivo de desenvolvimento sustentável 2
Transversal,objetivo de desenvolvimento sustentável 3
Transversal,objetivo de desenvolvimento sustentável 4
Transversal,objetivo de desenvolvimento sustentável 5
Transversal,objetivo de desenvolvimento sustentável 6
Transversal,objetivo de desenvolvimento sustentável 7
Transversal,objetivo de desenvolvimento sustentável 8
Transversal,objetivo de desenvolvimento sustentável 9
Biotecnología,hibridoma de coelho
Salud,oncogenômica
Biotecnología,indicador de tensão geneticamente codificado
Agro,operações agrícolas
Transversal,operações de produção
Salud,operações de saúde
Transversal,operações de segurança
Transversal,operar em diferentes situações climáticas
Agro,vegetais 
Transversal,otimização de bioprocessos
Transversal,processo otimizado
Transversal,otimização de projeto
Transversal,optoeletrowetting
Biotecnología,inibidor de tnf
Biotecnología,interação proteína-dna
Biotecnología,interação proteína-proteína
Turismo,herança natural
Biotecnología,isosquizômero
Biotecnología,nocaute genético
Biotecnología,laboratório molecular
Biotecnología,ligação circular split-intein de peptídeos e proteínas
Biotecnología,ligante inteligente
Biotecnología,lista de locais de corte de endonuclease homing
Agro,permacultura
Piscícola,pesca
Piscícola,pesca aquícola
Agro,Farmacêutica (genética)
Biotecnología,marcação de isótopos estáveis ​​​​por aminoácidos em cultura celular
Biotecnología,marcador de tamanho de peso molecular
Agro,debulhador de leguminosas
Forestal,planos de manejo florestal
Biotecnología,melhoramento de plantas 
Biotecnología,bioquímica vegetal
Forestal,população de árvores
Energía,pobreza energética
Agro,policulturas
Biotecnología,mecânica da bicamada lipídica
Biotecnología,mecanismos de fermentação dos alimentos
Biotecnología,medidas de fermentação de alimentos
Transversal,politica ambiental
Agro,políticas agrícolas
Transversal,políticas de gestão sustentável
Biotecnología,meganuclease
Transversal,Preparação de amostra
Biotecnología,métodos de produção de microalgas
Transversal,prevenção de poluição
Transversal,previsões económicas
Transversal,princípio da substituição 
Biotecnología,microarranjo celular
Agro,princípios de produção agrícola sustentável
Biotecnología,minigene
Biotecnología,musgo nocauteador
Biotecnología,mutanome
Biotecnología,organismos acumuladores de polifosfato
Agro,processamento de comida
Transversal,processamento de biomassa
Salud,processamento de sinal biomédico
Biotecnología,direcionamento de folato
Biotecnología,display crispr
Biotecnología,pcr dependente de rnase h
Transversal,processo de desenvolvimento
Biotecnología,PCR a frio
Biotecnología,cola molecular
Biotecnología,peguilação
Biotecnología,braçadeira de DNA
Biotecnología,pirosequenciamento
Residuos,processos de gestão de resíduos
Agro,processos de produção de alimentos
Transversal,processos de produção de amido
Agro,produção agrícola sustentável
Agro,produção animal
Energía,produção biológica de hidrogênio
Energía,produção de biocombustíveis
Energía,produção de bioetanol
Energía,produção de biohidrogênio
Energía,produção de energia de biogás
Energía,produção de etanol
Transversal,produção de microalgas
Biotecnología,Polimorfismo de nucleotídeo único
Agro,produtividade pecuária
Transversal,produto interno bruto verde
Biotecnología,princípios de fermentação de levedura
Residuos,produtos de combustão de carvão
Biotecnología,procedimentos de fermentação de alimentos
Biotecnología,sistema de melhoramento de plantas
Transversal,propriedade intelectual
Agro,Proteção de Cultivos
Transversal,proteção da biodiversidade
Biotecnología,processo de fermentação do vinho
Biotecnología,processos de fermentação de alimentos
Transversal,proteínas
Biotecnología,promotor tático
Salud,proteólise visando quimera
Biotecnología,teste rápido de antígeno
Salud,projeto de embrião visível
Salud,"Testando em laboratório ""ou"" Teste experimental"
Salud,teste genético
Biotecnología,pulmão em um chip
Biotecnología,realizar análise de cultura celular
Salud,testes de diagnóstico
Biotecnología,realizar um estudo de viabilidade em sistemas de biomassa
Biotecnología,recombinação específica do local
Biotecnología,sequenciamento de célula única
Biotecnología,sequenciamento sólido abi
Biotecnología,sequenciamento de terceira geração
Transversal,química
Transversal,química Aplicada
Biotecnología,sequenciamento completo do genoma
Transversal,química de produtos naturais
Transversal,química de proteínas
Transversal,química natural
Biotecnología,sequenciamento do genoma
Biotecnología,sequenciamento de fase sólida
Biotecnología,sequenciamento fluorescente de molécula única
Biotecnología,sequenciamento de semicondutores iônicos
Biotecnología,separação de DNA por adsorção de sílica
Biotecnología,síntese orgânica modelada por DNA
Biotecnología,sistema de desidratação a vácuo
Agro,reciclagem de terras
Agro,coleta de colheita
Biotecnología,sistema de informação genética expandido artificialmente
Residuos,desperdiçar recursos
Transversal,reduzir o impacto ambiental na área circundante
Residuos,regulamentação de resíduos
Transversal,remediação ambiental
Agro,rendimentos das colheitas
Transversal,reflorestamento
Agro,reprodução animal
Residuos,resíduos biodegradáveis
Residuos,resíduos bioquímicos
Residuos,resíduos de ração animal
Residuos,resíduos da pesca
Residuos,resíduos metabólicos
Transversal,resistência à mudança sistêmica
Transversal,responsabilidade social corporativa
Agro,irrigação do solo
Transversal,secagem por pulverização
Biotecnología,sorriso-seq
Biotecnología,subtelômero
Biotecnología,supressão subtrativa hibridização
Biotecnología,técnicas de biorremediação
Biotecnología,técnicas de produção de microalgas
Biotecnología,terapia celular tk
Biotecnología,terapia de genes
Biotecnología,transcriptômica espacial
Biotecnología,transfecção assistida por ímã
Biotecnología,transferir sistema binário de DNA
Energía,sequestro de carbono
Piscícola,monitorização da pesca
Agro,comida segura
Biotecnología,transistor de efeito de campo de DNA
Residuos,serragem
Agro,serviços agrícolas
Transversal,serviços de ecossistemas
Forestal,silvicultura
Transversal,simulação de bioprocessos
Transversal,simulação de processo
Transversal,simulação matlab
Transversal,síntese orgânica
Biotecnología,vetores em terapia genética
Agro,sistema agroalimentar
Agro,sistema agroflorestal
Energía,sistema de biogás
Transversal,sistema de biomassa
Biotecnología,sequenciamento de próxima geração
Biotecnología,alo-715
Agro,sistemas alimentares
Piscícola,sistemas de aquicultura
Agro,sistemas de energia alimentar
Energía,sistemas de energia renovável
Energía,sistemas de energia solar
Salud,sistemas de entrega
Energía,sistemas de gás natural
Transversal,sistemas de produção
Transversal,sistemas dinâmicos
Biotecnología,genética de plantas
Transversal,soluções baseadas na natureza
Transversal,soluções climáticas
Biotecnología,bamhi
Biotecnología,biologia molecular vegetal
Transversal,sustentar a biodiversidade
Transversal,sustentabilidade
Transversal,sustentabilidade computacional
Transversal,sustentabilidade ambiental
Transversal,sustentabilidade urbana
Biotecnología,coleção de banco de dados biocyc
Biotecnología,construção de código de função-espaçador-lipídio
Agro,solo
Biotecnología,ecori
Transversal,taxonomia
Biotecnología,biotecnologia vegetal
Biotecnología,eftilagimod alfa
Biotecnología,endonuclease de retalho
Agro,técnicas de armazenamento
Biotecnología,expor
Biotecnología,fluxo
Transversal,técnicas de descontaminação
Residuos,técnicas de eliminação de resíduos
Biotecnología,Genocad
Biotecnología,eu-crei
Biotecnología,ilcd
Transversal,tecnologia climática
Transversal,tecnologia de bioprocessos
Energía,tecnologia de combustível de biomassa
Biotecnología,lista de locais de corte de enzimas de restrição
Agro,tecnologia alimentar
Transversal,tecnologia de microalgas
Transversal,tecnologia de química verde
Biotecnología,lista de locais de corte de enzimas de restrição: a
Energía,tecnologia de energia de biocombustíveis
Energía,tecnologia para energias renováveis
Biotecnología,lista de locais de corte de enzimas de restrição: ba – bc
Transversal,tecnologia verde
Energía,tecnologias de energia renovável
Energía,tecnologias de hidrogénio
Biotecnología,lista de locais de corte de enzimas de restrição: bd – bp
Salud,terapia anti-sentido
Biotecnología,lista de locais de corte de enzimas de restrição: bsa – bso
Salud,terapia celular
Biotecnología,lista de locais de corte de enzimas de restrição: bsp – bss
Biotecnología,lista de locais de corte de enzimas de restrição: bst – bv
Biotecnología,lista de locais de corte de enzimas de restrição: c – d
Salud,terapias genéticas
Biotecnología,lista de locais de corte de enzimas de restrição: e – f
Biotecnología,lista de locais de corte de enzimas de restrição: g – k
Biotecnología,lista de locais de corte de enzimas de restrição: l – n
Biotecnología,lista de locais de corte de enzimas de restrição: o – r
Biotecnología,lista de locais de corte de enzimas de restrição: s
Biotecnología,lista de locais de corte de enzimas de restrição: t – z
Biotecnología,nb.bbvci
Biotecnología,neoepítopo
Biotecnología,nlaiii
Biotecnología,nuclease dedo de zinco
Residuos,tratamento biológico de águas residuais
Residuos,tratamento de água poluída
Residuos,tratamento de águas residuais municipais
Transversal,tratamento de água e esgoto
Residuos,tratamento de esgoto
Transversal,rastreabilidade do produto
Transversal,linha superior tripla
Transversal,resultado triplo
Biotecnología,nucleotídeo aminoalil
Energía,uso sustentável de energia
Agro,uso sustentável da terra
Transversal,valorização de coprodutos
Transversal,valorização de subprodutos
Biotecnología,peguilação de lisozima
Biotecnología,processos de fermentação de bebidas
Biotecnología,pubgene
Salud,viroterapia
Salud,herpes vírus oncolítico
Biotecnología,genética de plantas
Transversal,vitaminas
Biotecnología,pvsripo
Transversal,recursos biológicos
Transversal,gestão sustentável de recursos
Transversal,Química verde
Transversal,recursos biogênicos
Turismo,ativo biocultural
Turismo,conservação da Biodiversidade
Turismo,biorregião
Turismo,biodiversidade de aves
Turismo,turismo de aves
Turismo,observação de pássaros
Turismo,destino azul
Turismo,infraestrutura azul
Turismo,rede comunitária de monitoramento de ecossistemas
Turismo,turismo comunitário
Turismo,viagem consciente
Turismo,valores ecológicos
Turismo,ecoturismo
Turismo,cadeia de valor dos serviços de ecoturismo
Turismo,eficiência energética
Turismo,consciência ambiental
Turismo,compensação ambiental
Turismo,conservação ambiental
Turismo,pegada ecológica
Turismo,impacto ambiental
Turismo,gestão de passivo ambiental
Turismo,desempenho ambiental do turismo
Turismo,responsabilidade ambiental
Turismo,valores ambientais
Turismo,governança para o turismo sustentável
Turismo,construção verde
Turismo,infraestrutura verde
Turismo,indústria do turismo verde
Turismo,observação de herpets
Turismo,destino inovador
Turismo,oferta turística inovadora
Turismo,produtos turísticos inovadores 
Turismo,herança cultural intangível
Turismo,capacidade de carregamento
Turismo,comunidades locais
Turismo,oferta de turismo de baixo carbono
Turismo,mitigação da pegada ambiental do turismo
Turismo,património nacional
Turismo,capital natural
Turismo,bens naturais
Turismo,herança natural
Turismo,parques naturais
Turismo,Reserva natural
Turismo,atração turística natural
Turismo,riqueza natural
Turismo,turismo científico de natureza
Turismo,turismo de natureza
Turismo,experiências turísticas focadas na natureza
Turismo,destino turístico sem plástico
Turismo,área natural protegida
Turismo,prestação de serviços ecossistêmicos
Turismo,turismo regenerativo
Turismo,narrativa turística regional
Turismo,destino turístico resiliente
Turismo,gestão responsável de recursos
Turismo,gestão de riscos para o turismo sustentável
Turismo,rotas apoiadas pelo capital natural
Turismo,turismo científico de natureza
Biotecnología,terapia de DNA de plasmídeo hgf humano
Turismo,tratamento de esgoto
Turismo,turismo sustentável inteligente
Turismo,destino turístico inteligente
Turismo,inclusão social
Turismo,integridade sociocultural
Turismo,gestão de resíduos sólidos
Turismo,turismo de natureza especializado 
Turismo,ecossistemas estratégicos
Turismo,sustentabilidade das atrações 
Turismo,sustentabilidade da cadeia de valor do turismo
Turismo,sustentabilidade do destino turístico
Turismo,consumo sustentável
Turismo,infraestrutura sustentável
Turismo,práticas sustentáveis
Turismo,produto turístico especializado sustentável
Turismo,Turismo sustentável
Turismo,negócio de turismo sustentável
Turismo,"indicadores de turismo sustentável"
Turismo,investimento em turismo sustentável
Turismo,gestão do turismo sustentável
Turismo,oferta de turismo sustentável
Turismo,produção turística sustentável
Turismo,produtos turísticos sustentáveis
Turismo,projeto de turismo sustentável
Turismo,qualidade do turismo sustentável
Turismo,destinos turísticos sustentáveis
Turismo,cultura de viagem sustentável
Turismo,corresponsabilidade turística
Turismo,desenvolvimento do turismo
Turismo,turismo em áreas protegidas
Turismo,plataforma de inteligência turística
Turismo,gerência de Turismo
Turismo,sustentabilidade do turismo
Turismo,relação turismo-biodiversidade
Turismo,comportamento turístico
Turismo,geoportal turístico
Turismo,poder turístico
Turismo,infraestrutura turística
Turismo,recursos naturais únicos
Turismo,valor adicionado
Turismo,Excursão virtual
Turismo,pegada hídrica
Turismo,gerência de água
Turismo,animais selvagens
Biotecnología,virocap
Turismo,estratégia científica de turismo de natureza
Turismo,plano de desenvolvimento do turismo
Agro,sistemas agroalimentares regenerativos
Agro,sistema socioecológico
Agro,agricultura regenerativa
Agro,microorganismos
Agro,fixação de nitrogênio
Agro,saúde do solo
Agro,fertilização biológica
Agro,composto
Agro,sistema agrícola
Agro,fertilidade do solo
Agro,material orgânico
Transversal,bioeconômico
Transversal,bioeconômico
Agro,ciclo de nutrientes
,
,
,
,
,
,
,
,
,
,
,
,
,
,
,
,
,
,
,
,
,
,
,
,
,
,
,
,
,
,
,
,
,
,
,
,
,
,
,
,
,
,
,
,
,
,
,
,
,
,
,
,
,
,
,
,
,
,
,
,
,
,
,
,
,
,
,
,
,
,
,
,
,
,
,
,
,
,
,
,
,
,
,
,
,
,
,
,
,
,
,
,
,
,
,
,
,
,
,
,
,
,
,
,
,
,
,
,
,
,
,
,
,
,
,
,
,
,
,
,
,
,
,
,
,
,
,
,
,
,
,
,
,
,
,
,
,
,
,
,
,
,
,
,
,
,
,
,
,
,
,
,
,
,
,
,
,
,
,
,
,
,
,
,
,
,
,
,
,
,
,
,
,
,
,
,
,
,
,
,
,
,
,
,
,
,
,
,
,
,
,
,
,
,
,
,
,
,
,
,
,
,
,
,
,
,
,
,
,
,
,
,
,
,
,
,
,
,
,
,
,
,
,
,
,
,
,
,
,
,
,
,
,
,
,
,
,
,
,
,
,
,
,
,
,
,
,
,
,
,
,
,
,
,
,
,
,
,
,
,
,
,
,
,
,
,
,
,
,
,
,
,
,
,
,
,
,
,
,
,
,
,
,
,
,
,
,
,
,
,
,
,
,
,
,
,
,
,
,
,
,
,
,
,
,
,
,
,
,
,
,
,
,
,
,
,
,
,
,
,
,
,
,
,
,
,
,
,
,
,
,
,
,
,
,
,
,
,
,
,
,
,
,
,
,
,
,
,
,
,
,
,
,
,
,
,
,
,
,
,
,
,
,
,
,
,
,
,
,
,
,
,
,
,
,
,
,
,
,
,
,
,
,
,
,
,
,
,
,
,
,
,
,
,
,
,
,
,
,
,
,
,
,
,
,
,
,
,
,
,
,
,
,
,
,
,
,
,
,
,
,
,
,
,
,
,
,
,
,
,
,
,
,
,
,
,
,
,
,
,
,
,
,
,
,
,
,
,
,
,
,
,
,
,
,
,
,
,
,
,
,
,
,
,
,
,
,
,
,
,
,
,
,
,
,
,
,
,
,
,
,
,
,
,
,
,
,
,
,
,
,
,
,
,
,
,
,
,
,
,
,
,
,
,
,
,
,
,
,
,
,
,
,
,
,
,
,
,
,
,
,
,
,
,
,
,
,
,
,
,
,
,
,
,
,
,
,
,
,
,
,
,
,
,
,
,
,
,
,
,
,
,
,
,
,
,
,
,
,
,
,
,
,
,
,
,
,
,
,
,
,
,
,
,
,
,
,
,
,
,
,
,
,
,
,
,
,
,
,
,
,
,
,
,
,
,
,
,
,
,
,
,
,
,
,
,
,
,
,
,
,
,
,
,
,
,
,
,
,
,
,
,
,
,
,
,
,
,
,
,
,
,
,
,
,
,
,
,
,
,
,
,
,
,
,
,
,
,
,
,
,
,
,
,
,
,
,
,
,
,
,
,
,
,
,
,
,
,
,
,
,
,
,
,
,
,
,
,
,
,
,
,
,
,
,
,
,
,
,
,
,
,
,
,
,
,
,
,
,
,
,
,
,
,
,
,
,
,
,
,
,
,
,
,
,
,
,
,
,
,
,
,
,
,
,
,
,
,
,
,
,
,
,
,
,
,
,
,
,
,
,
,
,
,
,
,
,
,
,
,
,
,
,
,
,
,
,
,
,
,
,
,
,
,
,
,
,
,
,
,
,
,
,
,
,
,
,
,
,
,
,
,
,
,
,
,
,
,
,
,
,
,
,
,
,
,
,
,
,
,
,
,
,
,
,
,
,
,
,
,
,
,
,
,
,
,
,
,
,
,
,
,
,
,
,
,
,
,
,
,
,
,
,
,
,
,
,
,
,
,
,
,
,
,
,
,
,
,
,
,
,
,
,
,
,
,
,
,
,
,
,
,
,
,
,
,
,
,
,
,
,
,
,
,
,
,
,
,
,
,
,
,
,
,
,
,
,
,
,
,
,
,
,
,
,
,
,
,
,
,
,
,
,
,
,
,
,
,
,
,
,
,
,
,
,
,
,
,
,
,
,
,
,
,
,
,
,
,
,
,
,
,
,
,
,
,
,
,
,
,
,
,
,
,
,
,
,
,
,
,
,
,
,
,
,
,
,
,
,
,
,
,
,
,
,
,
,
,
,
,
,
,
,
,
,
,
,
,
,
,
,
,
,
,
,
,
,
,
,
,
,
,
,
,
,
,
,
,
,
,
,
,
,
,
,
,
,
,
,
,
,
,
,
,
,
,
,
,
,
,
,
,
,
,
,
,
,
,
,
,
,
,
,
,
,
,
,
,
,
,
,
,
,
,
,
,
,
,
,
,
,
,
,
,
,
,
,
,
,
,
,
,
,
,
,
,
,
,
,
,
,
,
,
,
,
,
,
,
,
,
,
,
,
,
,
,
,
,
,
,
,
,
,
,
,
,
,
,
,
,
,
,
,
,
,
,
,
,
,
,
,
,
,
,
,
,
,
,
,
,
,
,
,
,
,
,
,
,
,
,
,
,
,
,
,
,
,
,
,
,
,
,
,
,
,
,
,
,
,
,
,
,
,
,
,
,
,
,
,
,
,
,
,
,
,
,
,
,
,
,
,
,
,
,
,
,
,
,
,
,
,
,
,
,
,
,
,
,
,
,
,
,
,
,
,
,
,
,
,
,
,
,
,
,
,
,
,
,
,
,
,
,
,
,
,
,
,
,
,
,
,
,
,
,
,
,
,
,
,
,
,
,
,
,
,
,
,
,
,
,
,
,
,
,
,
,
,
,
,
,
,
,
,
,
,
,
,
,
,
,
,
,
,
,
,
,
,
,
,
,
,
,
,
,
,
,
,
,
,
,
,
,
,
,
,
,
,
,
,
,
,
,
,
,
,
,
,
,
,
,
,
,
,
,
,
,
,
,
,
,
,
,
,
,
,
,
,
,
,
,
,
,
,
,
,
,
,
,
,
,
,
,
,
,
,
,
,
,
,
,
,
,
,
,
,
,
,
,
,
,
,
,
,
,
,
,
,
,
,
,
,
,
,
,
,
,
,
,
,
,
,
,
,
,
,
,
,
,
,
,
,
,
,
,
,
,
,
,
,
,
,
,
,
,
,
,
,
,
,
,
,
,
,
,
,
,
Agro,polinização abiótica
Transversal,abundância ecológica
Forestal,restauração ativa
Forestal,florestação
Agro,regimes agroambientais
Agro,biologia agrícola
Agro,química agrícola
Agro,cooperativas agrícolas
Agro,crédito agrícola
Agro,educação agrícola
Agro,Engenharia Agrícola
Agro,empresas agrícolas
Agro,extensificação agrícola_1
Agro,extensão agrícola
Agro,genética agrícola
Agro,sistemas de informação agrícola
Agro,intensificação agrícola
Agro,terras agrícolas
Agro,mercados agrícolas
Agro,planejamento agrícola
Agro,política agrícola
Agro,preços agrícolas
Agro,produção agrícola
Agro,paisagens de produção agrícola
Agro,produtos agrícolas
Agro,pesquisa agrícola
Agro,resíduos agrícolas
Agro,sistemas agrosilviculturais
Agro,sistemas agrosilvipastoris
Agro,agrodesmatamento
Agro,zonas agroecológicas
Agro,agro-silvo-pastorilismo
Agro,agrobiodiversidade (ou biodiversidade agrícola)
Agro,agrobiodiversidade (ou biodiversidade agrícola)
Agro,agricultura agroecológica
Agro,proteção agroecológica de cultivos
Agro,projeto agroecológico
Agro,infraestrutura agroecológica
Agro,transição agroecológica
Agro,agroecologia_1
Agro,agroecossistema
Agro,saúde do agroecossistema
Agro,agrossilvicultura_1
Agro,agroindústria
Transversal,espécies exóticas invasoras
Transversal,espécies alienígenas
Transversal,alelopatia
Agro,Solo aluvial
Agro,agricultura alternativa
Transversal,anaeróbico
Transversal,digestão anaeróbica em fazendas
Agro,bioma antropogênico
Transversal,paisagens antropogênicas
Piscícola,aquapônico
Piscícola,ecossistemas aquáticos
Piscícola,ambiente aquático
Biotecnología,melhoramento molecular de plantas
Transversal,aquífero
Transversal,aquíferos
Transversal,ecossistemas áridos
Transversal,regiões áridas
Transversal,zonas áridas
Transversal,aridificação
Transversal,biodiversidade associada
Agro,autonomia em sistemas agrícolas
Transversal,ermo
Transversal,bioclimatologia
Turismo,diversidade biocultural
Transversal,perda de biodiversidade
Agro,agricultura biodinâmica
Transversal,biofumigação
Energía,biogás
Transversal,biogênese
Transversal,biogeoquímica
Transversal,biogeografia
Transversal,adaptação biológica
Transversal,diversidade Biológica
Transversal,efeitos biológicos
Transversal,insumo biológico
Transversal,regulação biológica
Transversal,pesquisa biológica
Transversal,recursos biológicos
Energía,energia de biomassa
Transversal,biomas
Transversal,biometria
Agro,agroclimatologia
Transversal,recurso biológico
Transversal,doenças animais
Transversal,biosfera
Transversal,reservas da biosfera
Transversal,Biota
Transversal,ecologia animal
Transversal,criação animal
Transversal,anóxico
Transversal,facilitação biótica
Transversal,homogeneização biótica
Transversal,pássaros
Transversal,pesquisa aplicada
Transversal,carbono azul
Piscícola,animais aquaticos
Transversal,pastas aquosas
Transversal,procriação artificial
Transversal,autofertilidade
Forestal,evitou o desmatamento em conjunto com florestamento e reflorestamento
Agro,apicultura
Biotecnología,estabilização biotécnica
Transversal,biocapacidade
Transversal,biochar
Transversal,Demanda de oxigênio bioquímico
Transversal,carbono
Transversal,gestão biocultural
Turismo,refúgio biocultural
Transversal,pegada de biodiversidade
Transversal,pegada de carbono
Transversal,compensação de carbono
Transversal,hotspot de biodiversidade
Transversal,sumidouro de carbono
Transversal,armazenamento de carbono
Transversal,compensação de biodiversidade
Transversal,absorção de carbono
Transversal,bioetanol
Transversal,biogênico
Transversal,espécies casuais
Transversal,ciclos biogeoquímicos
Transversal,demanda biológica de oxigênio
Transversal,sistema biofísico
Transversal,valor biofísico
Transversal,biossegurança
Transversal,jardins botânicos
Transversal,zonas tampão
Transversal,compostos químicos
Transversal,efeitos químicos
Transversal,elementos químicos
Transversal,abelha
Transversal,cinética química
Transversal,impostos sobre carbono
Transversal,certificação ambiental
Transversal,propriedades quimicas
Transversal,espécies carismáticas
Transversal,ecossistema quimiossintético
Transversal,adaptação às alterações climáticas
Transversal,quimiossíntese
Transversal,dados climáticos
Transversal,Medicina Clínica
Transversal,sistemas de água fechados
Transversal,proteção costeira
Transversal,zonas costeiras
Transversal,café
Transversal,governança colaborativa
Transversal,regulação climática
Agro,agricultura inteligente em termos climáticos
Agro,agricultura inteligente para o clima (csa)
Transversal,variabilidade climática
Transversal,comunidade ecológica
Forestal,florestas geridas pela comunidade
Transversal,conservação baseada na comunidade
Transversal,gestão de recursos naturais baseada na comunidade
Transversal,cultura de cobertura
Transversal,auxiliares de colheita
Transversal,fechando ciclos de nutrientes
Transversal,polinização cruzada
Transversal,serviços ecossistêmicos culturais
Forestal,silvicultura comunitária
Transversal,semeadura direta sob cultura de cobertura
Agro,agricultura ecologicamente intensiva
Forestal,manejo florestal comunitário
Transversal,monitoramento baseado na comunidade
Transversal,vulnerabilidade económica
Transversal,controle biológico de conservação
Transversal,ecopatologia
Transversal,contabilidade do ecossistema
Transversal,função do ecossistema
Transversal,integridade do ecossistema
Transversal,sensibilidade do ecossistema
Transversal,estrutura do ecossistema
Transversal,efeito de borda
Transversal,química ambiental
Agro,intensificação de culturas
Agro,colheita parente selvagem
Agro,agropecuária
Agro,terras agrícolas
Agro,diversificação do plano de cultivo
Agro,sistema de cultivo
Transversal,informação ambiental
Transversal,estatísticas ambientais
Transversal,análise de dados
Transversal,coleção de dados
Transversal,processamento de dados
Transversal,flora
Transversal,recursos forrageiros
Transversal,desertos
Transversal,biologia popular
Transversal,controle alimentar
Forestal,floresta seca
Transversal,estatísticas alimentares
Transversal,pastoreio no início da primavera
Transversal,certificação ecológica
Turismo,eco-comunalismo
Transversal,dinâmica eco-evolutiva
Transversal,eco-informática
Transversal,rotulagem ecológica
Transversal,ecocentrismo (ou biocentrismo)
Transversal,ecohidrologia
Transversal,ponto de ruptura ou limite ecológico (ou socioecológico)
Transversal,Equilibrio ecológico
Transversal,comunidade ecológica
Transversal,conectividade ecológica
Transversal,crise ecológica
Transversal,integridade ecológica
Transversal,justiça ecológica
Transversal,conhecimento ecológico
Transversal,processos ecológicos
Transversal,pesquisa ecológica
Agro,agricultura ecologicamente intensificada
Transversal,ecologia dos sistemas alimentares
Transversal,contratos públicos verdes
Transversal,agua Verde
Transversal,proliferação de algas prejudiciais
Transversal,hidrogramas
Transversal,abordagem ecossistêmica
Transversal,dados hidrológicos
Transversal,bens ecossistêmicos
Transversal,restauração do ecossistema
Transversal,serviço ecossistêmico
Agro,serviços ecossistêmicos em agroecossistemas
Transversal,adaptação baseada no ecossistema
Transversal,adaptação baseada no ecossistema às alterações climáticas
Transversal,abordagem baseada no ecossistema
Transversal,gestão baseada em ecossistemas
Transversal,ecossistemas
Transversal,agricultura integrada
Agro,consórcio
Transversal,polinizador introduzido
Transversal,espécies invasivas
Transversal,animais de laboratório
Transversal,economia da terra
Transversal,degradação ambiental
Transversal,Economia ambiental
Transversal,Educação ambiental
Transversal,Engenharia Ambiental
Transversal,educação marinha
Transversal,indicadores ambientais
Transversal,Protocolo de Nagoia
Transversal,curva de kuznets ambiental (ekc)
Transversal,legislação ambiental
Transversal,monitoramento ambiental
Transversal,Qualidade ambiental
Transversal,Ciencias ambientais
Transversal,lei natural
Transversal,exploração oceânica
Forestal,manejo florestal extensivo
Transversal,resiliência agrícola
Transversal,pesca
Transversal,agricultura camponesa
Transversal,sementes camponesas
Transversal,pastagens permanentes
Transversal,fotoquímica
Transversal,flores
Transversal,dinâmica de fluidos
Transversal,laboratórios de pesquisa
Transversal,consumo de comida
Transversal,costumes alimentares
Transversal,recursos alimentares
Transversal,autossuficiência alimentar
Transversal,soberania alimentar
Transversal,resiliência
Transversal,restauração
Forestal,incêndios florestais
Forestal,jardim florestal
Forestal,produtos florestais
Forestal,recursos florestais
Transversal,pastoreio rotativo
Forestal,florestas
Transversal,biodiversidade funcional
Transversal,genes
Transversal,genoma
Transversal,genótipo
Transversal,germoplasma
Biotecnología,melhoramento de plantas
Transversal,títulos verdes
Transversal,economia verde
Transversal,crescimento verde
Transversal,estrume verde
Transversal,gás de efeito estufa
Transversal,perda de habitat
Transversal,modificação de habitat
Transversal,especialista em habitat
Agro,agricultura de alto valor ambiental
Transversal,pastagens semeadas de alta diversidade
Transversal,sistema socioecológico
Transversal,ecologia humana
Transversal,genética humana
Agro,degradação do solo
Agro,umidade do solo
Agro,água do solo
Transversal,hidrobiologia
Transversal,ciclo hidrológico
Transversal,análise espectroquímica
Transversal,espectrômetros
Agro,administração agrícola
Agro,química agrícola
Transversal,animais selvagens
Agro,legislação agrícola
Agro,excedente agrícola
Transversal,doenças animais
Transversal,gestão integrada de recursos hídricos
Transversal,manejo integrado de ervas daninhas
Transversal,gorduras animais
Transversal,óleos animais
Transversal,espécies exóticas invasoras
Biotecnología,reprodução animal
Biotecnología,vírus animais
Biotecnología,equipamento de laboratório
Biotecnología,Planta piloto da Bio Base Europe
Transversal,biomassa acima do solo
Transversal,absorção
Transversal,adsorção
Transversal,poder de adsorção
Transversal,aerobiose
Agro,política agrária
Agro,reforma agrária
Agro,sistemas agrários
Transversal,algas
Transversal,algas
Transversal,sequência de aminoácidos
Transversal,aminoácidos
Transversal,aminoálcoois
Transversal,anfíbios
Forestal,política florestal
Transversal,anaerobiose
Transversal,laboratórios de análise
Agro,agricultura multifuncional
Transversal,análise de funções sistêmicas
Transversal,análise de estruturas sistêmicas
Forestal,florestas nativas
Transversal,bioquímica analítica
Transversal,ananás
Biotecnología,biologia animal
Agro,ecologia animal
Agro,alimentação animal
Agro,alimentação animal
Agro,fibras animais
Agro,estrume animal
Agro,nutrição animal
Agro,produção animal
Agro,animalidade
Agro,animais
Transversal,anti-infecciosos
Salud,anti-inflamatórios
Transversal,antiarrítmicos
Transversal,antibiótico
Transversal,antibióticos
Salud,anticorpos
Transversal,formação de anticorpos
Transversal,especificidade do anticorpo
Transversal,anticolinérgicos
Salud,anticoagulantes
Transversal,anticonvulsivantes
Transversal,antidepressivos
Transversal,antidiabéticos
Transversal,antieméticos
Transversal,antifúngicos
Transversal,complexo antígeno-anticorpo
Agro,Agricultura orgânica
Transversal,reações antígeno-anticorpo
Salud,antígenos
Transversal,anti-histamínicos
Transversal,anti-hipertensivos
Transversal,antimetabólitos
Agro,agricultura permanente
Transversal,antineoplásicos
Transversal,antiparasitário
Transversal,antiparkinsoniano
Transversal,antiprotozoário
Transversal,antissepsia
Transversal,anti-sépticos
Agro,economia do solo
Transversal,antiespermatogênico
Transversal,antitoxinas
Transversal,antituberculoso
Transversal,antitússicos
Transversal,agentes antivirais
Transversal,antivirais
Agro,árvore de maçã
Transversal,aplicação de c+t
Transversal,aplicação de resultados de pesquisa e desenvolvimento
Transversal,pesquisa aplicada
Residuos,resíduos marrons
Transversal,Ciência aplicada
Agro,terra arável
Transversal,aracnídeos
Forestal,arboricultura
Transversal,artrópodes
Agro,inseminação artificial
Agro,relocalização da agricultura
Transversal,áscaris
Transversal,astrobiologia
Transversal,autoecologia
Transversal,centros autônomos de pesquisa e desenvolvimento
Transversal,capacidade de água disponível
Transversal,variação genética média
Agro,abacate
Agro,abacate
Agro,abacates
Transversal,vacinas bacterianas
Transversal,bacteriologistas
Transversal,bacteriologia
Agro,bibliotecas agrícolas
Agro,índice de orientação agrícola
Transversal,bacteriófago
Transversal,bagaço
Transversal,bambu
Agro,banana
Agro,bananas
Agro,bananas
Agro,agricultura de conservação_1
Agro,cevada
Transversal,técnicas de conservação
Agro,cevada
Agro,feijões
Agro,feijões
Agro,faia
Agro,açúcar de beterraba
Agro,plantações
Transversal,beggiatoales
Forestal,desmatamento
Agro,bergamota
Energía,manutenção de planta de biogás
Transversal,produto químico de base biológica
Transversal,compósito de base biológica
Transversal,fertilizante de base biológica
Transversal,indústria de base biológica
Transversal,material de base biológica
Transversal,produto de base biológica
Transversal,produtos de base biológica
Energía,bio-butanol
Energía,biocatalisador
Energía,bio-char
Transversal,bioquímica
Transversal,bioconversão
Energía,bio-bruto
Energía,bio-bruto
Transversal,saco biodegradável
Transversal,biodegradação
Energía,biodiesel
Energía,produção de biodiesel
Transversal,bio-secagem
Transversal,bioeconomia
Energía,bioetanol
Energía,produção de bioetanol
Transversal,biofertilizante
Transversal,biofertilizante
Transversal,biofilme
Transversal,biofiltro
Transversal,biocombustível
Forestal,degradação florestal_1
Forestal,transição florestal_1
Agro,fertilidade biológica do solo
Agro,agricultura de conservação do solo
Energía,produção de biocombustíveis
Energía,biogás
Energía,operar planta de biogás
Agro,vida do solo
Agro,mapas de solo
Energía,produção de biogás
Energía,biogasolina
Energía,bio-hidrogênio
Agro,recursos do solo
Agro,ciências do solo
Energía,produção de biohidrogênio
Energía,bio-hitano
Energía,biolubrificante
Transversal,biofabricação
Transversal,biofabricação
Energía,biometano
Energía,Bio-óleo
Agro,hotspot de agrobiodiversidade
Agro,biopesticida
Biotecnología,bioplástico
Transversal,biopolímero
Transversal,bioprocesso
Transversal,bioproduto
Energía,biorreator
Energía,aterro de biorreator
Energía,bio-recuperação
Transversal,biorrefinaria
Forestal,silvicultura comunitária sustentável
Transversal,biorremediação
Transversal,biossorção
Agro,agricultura intensiva sustentável
Agro,gestão sustentável da matéria orgânica do solo
Transversal,bio-surfactante
Transversal,biossíntese
Transversal,biotransformação
Transversal,bioacumulação
Transversal,mudança tecnológica
Agro,produto químico de base biológica
Agro,compósito de base biológica
Agro,economia de base biológica
Agro,fertilizante de base biológica
Agro,indústria de base biológica
Agro,material de base biológica
Agro,produto de base biológica
Energía,biobutanol
Transversal,biocatalisador
Transversal,genética bioquímica
Transversal,Demanda de oxigênio bioquímico
Transversal,fenômenos bioquímicos
Transversal,bioclimatologia
Transversal,materiais biocompatíveis
Transversal,bioconversão
Energía,biocrude
Energía,biocrude
Forestal,As florestas tropicais
Transversal,saco biodegradável
Transversal,biodegradação
Energía,produção de biodiesel
Transversal,hotspots de pegada de biodiversidade
Transversal,índice de integridade da biodiversidade
Agro,biosecagem
Transversal,bioemulsionantes
Transversal,bioemulsões
Energía,bioetanol
Residuos,águas residuais
Agro,biofertilizante
Agro,biofertilizante
Transversal,biofiltro
Energía,biogás
Energía,biogás
Energía,produção de biogás
Energía,biogasolina
Energía,biogênese
Energía,compostos orgânicos voláteis biogênicos
Transversal,biogeografia
Transversal,biogravitação
Transversal,bioitano
Transversal,bioinstrumentação
Transversal,adaptação biológica
Transversal,equilíbrio biológico
Transversal,fatores biológicos
Transversal,controle biológico de pragas
Agro,empresas agrícolas
Agro,cooperativas agrícolas
Agro,desenvolvimento agrícola
Agro,economia agrícola
Transversal,fenômenos biológicos
Transversal,produtos biológicos
Agro,planejamento agrícola
Energía,planta de biogás
Agro,potencial agrícola
Agro,produção agrícola
Agro,projetos agrícolas
Agro,regiões agrícolas
Agro,resíduos agrícolas
Transversal,regeneração biológica
Agro,serviços agrícolas
Agro,sistemas agrícolas
Agro,tecnologia agrícola
Agro,agricultura para exportação
Agro,agricultura. alimentando
Agro,operação do agronegócio
Agro,complexos agroindustriais
Agro,engenharia agronômica
Agro,pesquisa e desenvolvimento agronômico
Agro,agrônomos
Agro,agrônomos
Agro,agronomia
Transversal,recursos biológicos
Transversal,amostras biológicas
Transversal,Ciências Biológicas
Transversal,pesquisas biológicas
Transversal,terapia biológica
Transversal,transporte biológico
Transversal,instalação de tratamento biológico
Transversal,biólogos
Transversal,biologia
Energía,biolubrificante
Transversal,biofabricação
Transversal,briquetes de biomassa
Transversal,concentração de biomassa
Transversal,eliminação de biomassa
Transversal,energia de biomassa
Transversal,produção de biomassa
Transversal,valorização da biomassa
Forestal,produtos florestais não madeireiros
Transversal,biomatemática
Transversal,biomecânica
Biotecnología,Engenharia Biomédica
Energía,fontes de energia não renováveis
Biotecnología,materiais biomédicos
Transversal,biônico
Forestal,floresta antiga
Residuos,resíduos animais
Transversal,Bio-óleo
Transversal,biofísica
Transversal,bioplástico
Biotecnología,biopolímero
Biotecnología,biopolimerização
Transversal,bioproduto
Biotecnología,aterro de biorreator
Transversal,biorecuperação
Transversal,biossorção
Transversal,biossíntese
Transversal,bioterrorismo
Transversal,material biótico
Agro,bétula
Agro,bétula
Turismo,pássaros
Turismo,jardins botânicos
Transversal,botânicos
Energía,reparação de instalações de biogás
Transversal,botânica
Transversal,braquiópodes
Transversal,vegetais bulbosos
Transversal,subproduto
Transversal,subprodutos
Transversal,coleções c+t
Agro,cana de açúcar
Transversal,capitalização de resultados de pesquisa e desenvolvimento
Transversal,ciclo do carbono_1
Transversal,dióxido de carbono
Transversal,equivalente de dióxido de carbono
Agro,agricultura de carbono
Transversal,sequestro de carbono
Transversal,caroteno
Transversal,carotenos
Transversal,carotenóides
Forestal,Reduzir as emissões provenientes da desflorestação e da degradação florestal
Agro,cenouras
Forestal,florestas artificiais
Agro,mandioca
Energía,planta de biogás
Forestal,reduzindo as emissões provenientes do desmatamento e da degradação florestal
Agro,óleo de castor
Energía,energia renovável
Energía,fontes de energia renováveis
Transversal,catálise
Transversal,catalisadores
Transversal,pirólise catalítica
Biotecnología,biologia Celular
Biotecnología,cultura de células
Agro,culturas de células
Transversal,morfologia celular
Transversal,fisiologia celular
Transversal,estrutura celular
Transversal,células (biologia)
Transversal,divisão celular
Transversal,membrana celular
Transversal,celulose
Transversal,celulose
Transversal,ésteres de celulose
Transversal,éteres de celulose
Transversal,resinas de celulose
Transversal,celulose para etanol
Transversal,centrifugação
Forestal,floresta secundária
Agro,cereal
Agro,cultivo de cereais (operação)
Agro,produtos de cereal
Transversal,engenheiro químico
Transversal,engenheiros químicos
Transversal,quitina
Transversal,quitosana
Transversal,análise cromatográfica
Biotecnología,cromatografia
Transversal,cromossomos
Transversal,bioeconomia circular
Transversal,modelo de negócio circular
Transversal,cadeia de valor industrial circular
Transversal,economia regenerativa circular
Transversal,solução circular
Transversal,cadeia de valor circular
Transversal,avaliação de circularidade
Transversal,bioquímica clínica
Transversal,círculo fechado de nutrientes
Biotecnología,co-pirólise
Agro,cacau
Agro,cacau (árvore)
Agro,óleo de côco
Agro,Coqueiro
Agro,café
Agro,árvore de café
Transversal,colóides
Transversal,compostos orgânicos complexos
Transversal,materiais compósitos
Transversal,composição da matéria
Transversal,composição de medicamentos
Transversal,pilha de compostagem
Transversal,compostagem
Transversal,conífera
Transversal,conífera
Biotecnología,biotecnologia
Transversal,benefícios de conservação
Transversal,laboratórios de controle
Transversal,talhadia
Transversal,cortiça
Transversal,milho
Agro,fertilidade do solo
Agro,qualidade do solo
Transversal,salgadinho de milho
Transversal,óleo de milho
Transversal,algodão
Agro,fibras de algodão
Agro,talo de algodão
Agro,óleo de algodão
Agro,sistemas sócio-ecológicos acoplados
Agro,madeira laminada cruzada
Transversal,cristalização
Agro,cristalografia
Agro,frutas cucurbitáceas
Agro,cucurbitáceas
Agro,Terra cultivada
Agro,Terra cultivada
Agro,cultivo
Agro,cultivo em terraços
Agro,gestão sustentável do solo
Agro,agricultura intensificada de forma sustentável
Agro,práticas de cultivo
Transversal,transferência de tecnologia
Transversal,serviços de transferência de tecnologia
Transversal,fermentação escura
Transversal,desalquilação
Transversal,desaminação
Transversal,decantação
Transversal,descarboxilação
Transversal,decloração
Transversal,reações de decomposição
Transversal,descontaminação
Transversal,desgaseificação
Transversal,desumidificação
Agro,alimentos desidratados
Transversal,desidratação
Transversal,desionização
Transversal,desmineralização
Transversal,desenvolvimento de novos processos
Transversal,desenvolvimento de novos produtos
Transversal,coeficiente de difusão
Biotecnología,digerir
Transversal,agentes dispersantes
Transversal,destilação
Transversal,diversificação da produção
Residuos,depósito de lixo
Agro,agricultura diversificada
Agro,sistema agrícola diversificado
Transversal,código de barras de DNA
Transversal,golfinhos
Transversal,genes dominantes
Biotecnología,interação medicamentosa
Biotecnología,metabolismo de drogas
Biotecnología,receptores de drogas
Biotecnología,estabilidade do medicamento
Biotecnología,terapia medicamentosa
Biotecnología,drogas
Agro,agricultura seca
Transversal,secagem
Transversal,óleos secantes
Forestal,desmatamento
Forestal,terras desmatadas
Transversal,degradação de terras secas
Agro,agricultura de sequeiro
Transversal,patos
Transversal,minhoca
Transversal,ébano
Transversal,equinodermos
Transversal,Equilibrio ecológico
Transversal,crise ecológica
Transversal,degradação ecológica
Transversal,desastres ecológicos
Transversal,viabilidade ecológica
Transversal,pegada ecológica
Transversal,nicho ecológico
Transversal,relações ecológicas
Transversal,sistemas ecológicos
Residuos,lixo doméstico
Transversal,ecologia
Transversal,degradação do ecossistema
Transversal,engenheiro de ecossistema
Transversal,saúde do ecossistema
Transversal,gestão de ecossistemas
Agro,terra (solos)
Transversal,serviço ecossistêmico
Transversal,ecossistemas
Transversal,ecótono
Transversal,edafologia
Transversal,aráceas comestíveis
Agro,crucífero comestível
Agro,cucurbitáceas comestíveis
Agro,gorduras comestíveis
Agro,cogumelos comestíveis
Agro,nozes comestíveis
Agro,refino de óleo comestível
Agro,óleos comestíveis
Agro,raízes comestíveis
Transversal,elastômeros
Transversal,eletroquímica
Transversal,eletrólise
Transversal,absorção eletromagnética
Transversal,endemismo
Transversal,entomologia
Turismo,ativos ambientais
Transversal,biologia ambiental
Transversal,controle ambiental
Transversal,efeitos ambientais
Transversal,Engenharia Ambiental
Transversal,gestão ambiental
Transversal,Proteção Ambiental
Transversal,serviço ambiental
Transversal,serviços ambientais
Transversal,simulação ambiental
Transversal,estudos ambientais
Transversal,impostos ambientais
Transversal,testes ambientais
Biotecnología,inibidores enzimáticos
Biotecnología,enzimologia
Transversal,epifauna
Transversal,variáveis ​​essenciais da biodiversidade
Transversal,eubactérias
Transversal,eucalipto
Transversal,eutrófico
Transversal,eutrófico
Transversal,eutrofização
Transversal,evaporação
Transversal,tecnologias de capital intensivo
Transversal,fagus
Agro,fazenda
Agro,equipamento agrícola
Agro,produtos agrícolas
Agro,agricultor
Agro,fazendas
Transversal,pirólise rápida
Transversal,ácidos graxos
Transversal,álcoois graxos
Transversal,alimentar
Transversal,fermentação
Agro,fertilização
Agro,fertilizante
Agro,cultivo de cereais
Transversal,fibras
Transversal,pesquisa de campo
Transversal,produtos finalizados
Transversal,produtos finalizados
Transversal,abeto
Transversal,peixe
Agro,óleos de fígado de peixe
Agro,óleos de peixe
Piscícola,conservação da pesca
Piscícola,produtos da pesca
Piscícola,recursos pesqueiros
Transversal,linho
Transversal,fibras de linho
Transversal,flutuação
Agro,culturas agrícolas
Transversal,floricultura
Transversal,linguado
Transversal,farinha
Transversal,flores
Biotecnología,fluidização
Biotecnología,fluoretação
Forestal,florestas de coníferas
Biotecnología,fluoretação
Biotecnología,fluorometria
Agro,cereais forrageiros
Agro,raízes forrageiras
Agro,aditivos alimentares
Agro,análise de alimentos
Agro,diversificação de culturas
Agro,produção agrícola
Agro,rotação de colheitas
Agro,sistemas de cultivo
Agro,plantações
Agro,consumo de comida
Agro,contaminação alimentar
Agro,demanda alimentar
Agro,distribuição de alimentos
Agro,economia alimentar
Agro,inspeção de alimentos
Agro,rotulagem de alimentos
Agro,embalagem de alimentos
Agro,planejamento alimentar
Agro,intoxicação alimentar
Agro,política alimentar
Agro,processamento de comida
Agro,produção de alimentos
Agro,produtos alimentícios
Agro,proteínas alimentares
Agro,rações alimentares
Agro,regime alimentar
Agro,recursos alimentares
Agro,recursos alimentares
Agro,serviços alimentícios
Agro,a deterioração dos alimentos
Agro,armazenamento de alimentos
Agro,suprimento de comida
Agro,teia alimentar
Agro,indústria alimentícia
Agro,microbiologia dos alimentos
Agro,liofilização
Agro,congelando
Agro,tecnologia alimentar
Transversal,pontos de congelamento
Piscícola,peixe de água doce
Agro,fruta
Forestal,conservação florestal
Forestal,cultivo florestal (operação)
Agro,vegetais de frutas
Forestal,produtos florestais
Forestal,árvores da floresta
Forestal,Florestas decíduas
Forestal,produção florestal
Forestal,serviços florestais
Forestal,trabalhadores florestais
Forestal,florestas
Agro,fruticultura
Agro,frutos de árvores de clima temperado
Agro,aditivos de combustível
Transversal,jardim
Agro,cultivo de jardim
Biotecnología,fluxo gênico
Biotecnología,genes
Biotecnología,composição genética
Biotecnología,aconselhamento genético
Biotecnología,Engenharia genética
Biotecnología,erosão genética
Biotecnología,melhoramento genético
Biotecnología,intervenção genética
Biotecnología,recursos genéticos
Biotecnología,organismo geneticamente modificado
Biotecnología,genética
Transversal,germinação
Agro,produção de grãos
Agro,rendimento de grãos
Agro,bagaço de uva
Agro,toranja
Agro,toranjas
Agro,corte de grama
Agro,pastagem
Agro,manejo de pastagens
Transversal,capital verde
Transversal,infraestrutura verde
Transversal,revolução verde
Transversal,impostos verdes
Agro,esmerilhamento
Agro,sistemas de controle de solo
Agro,reguladores de crescimento
Transversal,goiaba
Transversal,goiabas
Transversal,guaiule
Transversal,cobaias
Transversal,conectividade de habitat
Transversal,funções do ecossistema habitat
Transversal,serviço de habitat
Transversal,madeira dura
Transversal,colheita
Transversal,colheita
Agro,comida saudável
Transversal,cânhamo
Transversal,cânhamo (fibra)
Transversal,ervas
Transversal,heterozigosidade
Transversal,homogeneização
Energía,recursos energéticos
Energía,metabolismo energético
Energía,fontes de energia
Transversal,homopolímeros
Transversal,mel de abelha
Transversal,hotspot de endemismo
Transversal,genética humana
Forestal,trópicos úmidos
Transversal,humificação
Transversal,ciclo hidrológico
Transversal,hidrólogos
Transversal,hidrólise
Transversal,importantes áreas de aves e biodiversidade
Transversal,produtos melhorados
Transversal,tecnologia Ambiental
Transversal,conservação in situ da biodiversidade
Transversal,áreas conservadas indígenas e comunitárias
Turismo,conhecimento indígena
Transversal,simbiose industrial
Transversal,infauna
Transversal,insetos
Transversal,insetos
Biotecnología,biorrefinaria integrada
Transversal,gestão paisagística integrada
Transversal,interferon
Transversal,invertebrados
Transversal,investigação e desenvolvimento
Transversal,Iroko
Transversal,isomerização
Transversal,área-chave da biodiversidade
Transversal,espécies-chave
Transversal,laboratórios
Transversal,protótipos de laboratório
Transversal,testes laboratoriais
Transversal,cobertura da terra
Transversal,transformação de terras
Transversal,uso da terra
Transversal,uso da terra
Transversal,mudança no uso da terra
Transversal,intensificação do uso da terra
Transversal,serviços de uso da terra
Transversal,valor da terra
Transversal,projeto paisagístico
Transversal,funcionamento da paisagem
Transversal,heterogeneidade da paisagem
Transversal,proteção da paisagem
Forestal,áreas florestais
Transversal,proteção da paisagem
Transversal,abordagem socioecológica da paisagem
Transversal,operações em grande escala
Transversal,borracha de látex
Agro,colheitas de frutas
Forestal,plantas taníferas
Forestal,florestas plantadas
Transversal,lixiviação
Forestal,cobertura vegetal perene
Agro,legumes leguminosas
Agro,leguminosas
Agro,leguminosas
Agro,limões
Agro,líquenes
Transversal,vida útil
Agro,colheitas de oleaginosas
Agro,colheitas de oleaginosas
Transversal,óleo de linhaça
Transversal,lipídios
Agro,gado
Agro,melhoria do gado
Agro,esterco de gado
Agro,laboratório vivo
Transversal,laboratório vivo
Transversal,organismos vivos
Transversal,comunidade local
Transversal,conhecimento ecológico local
Agro,solos orgânicos
Transversal,economias locais
Agro,comida local
Forestal,madeira serrada
Transversal,laboratório vivo
Transversal,macro moléculas
Transversal,integração da biodiversidade
Agro,milho
Transversal,polinizador gerenciado
Transversal,gestão de espécies selvagens
Agro,mandarim
Agro,manga
Agro,mangas
Agro,bordo
Piscícola,alga marinha
Piscícola,aquicultura marinha
Piscícola,biologia Marinha
Piscícola,biologia Marinha
Piscícola,ecossistemas marinhos
Piscícola,ambiente marinho
Piscícola,peixe marinho
Piscícola,peixe marinho
Piscícola,recursos marinhos
Transversal,espectrômetros de massa
Transversal,abundância média de espécies
Forestal,cobertura vegetal permanente
Forestal,plantação
Transversal,países megadiversos
Transversal,país megadiverso
Transversal,atividade metabólica
Transversal,microalgas
Transversal,micro-habitats
Transversal,microalga
Transversal,micróbios
Transversal,biomassa microbiana
Transversal,genética microbiana
Transversal,microbiocombustível
Transversal,microbiologia
Transversal,microquímica
Transversal,micronutrientes
Biotecnología,cultura mista
Biotecnología,biologia molecular
Biotecnología,espectros moleculares
Biotecnología,espectroscopia molecular
Transversal,moléculas
Transversal,moluscos
Transversal,‘scape multifuncional
Transversal,cogumelo
Biotecnología,mutagênese
Transversal,sistema multiuso
Transversal,micologia
Transversal,micoplasma
Transversal,mixobactérias
Transversal,raça nativa
Transversal,polinizador nativo
Transversal,especies nativas
Transversal,áreas naturais
Transversal,contas de capital natural
Transversal,capital natural_1
Transversal,ambiente natural
Transversal,ambiente natural
Transversal,fertilizante natural
Transversal,habitat natural
Transversal,riscos naturais
Transversal,história Natural
Transversal,serviços de recursos naturais
Transversal,recursos naturais
Transversal,borracha natural
Transversal,Ciências Naturais
Transversal,Ciências Naturais
Residuos,desperdício orgânico
Transversal,seleção natural
Transversal,natureza
Transversal,conservação da Natureza
Transversal,recreação baseada na natureza
Transversal,contribuições da natureza para as pessoas
Transversal,produção líquida do bioma
Transversal,produção líquida do ecossistema
Transversal,impacto positivo líquido (NPI)
Transversal,valor presente líquido
Transversal,produção primária líquida
Agro,colheita não letal
Transversal,avaliação não monetária
Transversal,recurso não madeireiro
Transversal,ácidos nucleicos
Transversal,nucleoproteínas
Transversal,nucleosídeos
Transversal,nucleotídeos
Transversal,disponibilidade de nutrientes
Transversal,recuperação de nutrientes
Transversal,nutrientes
Transversal,fibras de náilon
Transversal,resinas de náilon
Transversal,carvalho
Transversal,aveia
Transversal,aveia
Piscícola,oceanografia
Forestal,Plantação de árvore
Transversal,óleos
Transversal,sementes oleaginosas
Transversal,Oliva
Transversal,Oliva
Transversal,azeite
Transversal,caroço de oliveira
Transversal,uma biossegurança
Transversal,uma saúde
Transversal,laranjeira
Transversal,laranjas
Transversal,compostos orgânicos de amônio
Transversal,anidridos orgânicos
Agro,colheita sazonal
Transversal,compostos orgânicos de arsênico
Transversal,azidas orgânicas
Agro,bioquímica do solo
Agro,biologia do solo
Agro,química do solo
Agro,classificação do solo
Transversal,compostos orgânicos de boro
Transversal,compostos orgânicos de bromo
Transversal,produtos químicos orgânicos
Forestal,reflorestamento
Transversal,química orgânica
Transversal,compostos orgânicos
Agro,fertilizantes orgânicos
Agro,comida orgânica
Agro,horticultura orgânica
Transversal,insumos orgânicos
Transversal,matéria orgânica
Piscícola,plantas aquáticas
Transversal,ornitologia
Transversal,material de cobertura ao ar livre
Transversal,casca de palmiste
Transversal,azeite de dendê
Transversal,mamão (árvore)
Transversal,mamão
Transversal,governança participativa
Transversal,passar
Transversal,restauração passiva
Transversal,pagamento por serviços ecossistêmicos
Transversal,amendoim
Piscícola,plantas aquáticas
Transversal,óleo de amendoim
Transversal,turfa
Transversal,Turfeiras
Transversal,combustível de pellets
Transversal,fogão a pellets
Transversal,peptídeos
Agro,culturas de açúcar
Transversal,propagação de plantas
Transversal,anatomia vegetal
Biotecnología,desenvolvimento biotecnológico
Transversal,ecologia vegetal
Agro,agricultura tropical
Forestal,As florestas tropicais
Transversal,fenologia
Transversal,diversidade filogenética
Biotecnología,inovações biotecnológicas
Biotecnología,potencial biotecnológico
Agro,culturas hortícolas
Biotecnología,pesquisa biotecnológica
Biotecnología,revolução biotecnológica
Transversal,endemismo filogenético
Transversal,bioquímica física
Transversal,ambiente físico
Biotecnología,tendências biotecnológicas
Transversal,fitogenética
Transversal,fitogênicos
Transversal,fitoplâncton
Agro,Fazenda de porcos
Residuos,esterco de porco
Transversal,pigmentação
Transversal,pigmentos
Agro,fazendas piloto
Transversal,crescimento da planta
Transversal,layout da planta
Transversal,sistema de acasalamento de plantas
Forestal,pinho
Agro,abacaxi
Agro,colheitas de tubérculos
Piscícola,piscicultura
Transversal,fronteiras planetárias
Transversal,biodiversidade planeada
Transversal,produtos vegetais
Transversal,proteção de plantas
Transversal,reprodução de plantas
Transversal,recursos vegetais
Transversal,raiz da planta
Transversal,transpiração das plantas
Transversal,vírus de plantas
Agro,agronegócio
Agro,agroalimentar
Agro,agroalimentar
Agro,cadeia agroalimentar
Agro,indústria agroalimentar
Transversal,rede planta-polinizadora
Agro,agrícola
Agro,indústria agrícola
Agro,terras agrícolas
Agro,produção agrícola
Agro,produtividade agrícola
Agro,pesquisa agrícola
Agro,resíduo agrícola
Agro,excedente agrícola
Agro,sustentabilidade agrícola
Agro,cadeia de valor agrícola
Agro,Resíduos agrícolas
Agro,indústria agrícola
Agro,produto agrícola
Agro,cadeia agroalimentar
Agro,indústria agroalimentar
Agro,tecnologia agrícola
Agro,setor agroindustrial
Agro,agrobiodiversidade
Agro,agro-biomassa
Agro,agroecológico
Agro,agroecologia
Agro,agroalimentar
Agro,resíduo agroalimentar
Agro,material de embalagem para conversão de resíduos agroalimentares
Agro,setor agroalimentar
Forestal,agro-silvicultura
Agro,setor agroindustrial
Residuos,resíduos agroindustriais
Agro,agrobiomassa
Agro,agroecológico
Agro,agroalimentar
Transversal,raízes
Agro,material de embalagem para conversão de resíduos agroalimentares
Agro,setor agroalimentar
Residuos,resíduos agroindustriais
Transversal,plantas estimulantes
Transversal,plantas
Transversal,diversidade genética de plantas
Residuos,resíduos animais
Transversal,biodiversidade vegetal
Transversal,biologia vegetal
Transversal,bioquímica vegetal
Transversal,controle biológico de doenças de plantas
Transversal,ecologia vegetal
Transversal,sistemática de plantas
Transversal,melhoramento participativo de plantas
Transversal,diversidade de plantas de pastagem
Transversal,plantas aromáticas
Residuos,depósito de lixo
Transversal,plantas latíferas
Agro,polinização
Transversal,eficácia da polinização
Transversal,eficiência de polinização
Transversal,rede de polinização
Transversal,serviço de polinização
Agro,polinizador
Transversal,declínio dos polinizadores
Transversal,dependência de polinizadores
Agro,policultura
Agro,batatas
Agro,batatas
Agro,criação de precisão
Transversal,ciclo de vida do produto
Turismo,área protegida
Energía,bioenergia
Energía,produção de bioenergia
Transversal,desnaturação de proteínas
Transversal,metabolismo proteico
Agro,alimentos ricos em proteínas
Transversal,proteínas
Transversal,fábrica de celulose
Biotecnología,pirólise
Transversal,controle de qualidade
Transversal,qualidade de vida
Transversal,centros de pesquisa e desenvolvimento
Transversal,fundos de pesquisa e desenvolvimento
Transversal,institutos de pesquisa e desenvolvimento
Transversal,laboratórios de pesquisa e desenvolvimento
Transversal,gestão de pesquisa e desenvolvimento
Transversal,objetivos de pesquisa e desenvolvimento
Transversal,oferta de pesquisa e desenvolvimento
Transversal,local Ramsar
Transversal,matérias-primas
Transversal,cinética de reação
Transversal,genes recessivos
Transversal,reações de recombinação
Transversal,reciclando
Forestal,redd-plus
Forestal,vermelho+
Transversal,registro de impacto reduzido
Agro,cultivo reduzido
Transversal,refinar
Transversal,refrigeração
Transversal,economia regional
Transversal,recursos Renováveis
Transversal,répteis
Transversal,répteis
Transversal,laboratórios de pesquisa
Transversal,pesquisadores
Residuos,bio-resíduos
Transversal,resinas
Transversal,recuperação de recursos
Transversal,conservação de recursos
Transversal,desenvolvimento de recursos
Transversal,avaliação de recursos
Transversal,exploração de recursos
Transversal,gestão de recursos
Forestal,restauração
Agro,arroz
Agro,arroz
Agro,casca de arroz
Agro,palha de arroz
Agro,rendimento do arroz
Transversal,rios
Transversal,rios
Energía,produção de bioenergia
Transversal,vírus RNA
Transversal,plantas medicinais
Forestal,madeira redonda
Forestal,Seringueira
Transversal,borrachas
Transversal,rural
Transversal,área rural
Transversal,economia rural
Transversal,engenharia rural
Transversal,indústrias rurais
Transversal,zonas rurais
Agro,centeio
Transversal,locais naturais sagrados
Transversal,óleo de cártamo
Forestal,viu poeira
Transversal,cooperação científica
Transversal,desenvolvimento científico
Residuos,resíduos de biomassa
Transversal,expedições científicas
Transversal,expedições científicas
Transversal,inovações científicas
Transversal,potencial científico
Residuos,tratamento de esgoto
Transversal,cientistas
Transversal,escorpiões
Residuos,resíduos biológicos
Piscícola,pesca marítima
Piscícola,produtos do mar
Agro,frutos do mar
Piscícola,paisagem marinha
Transversal,matéria-prima secundária
Transversal,relva de sedimentos
Transversal,seleção de sementes
Transversal,sementes
Transversal,ecossistemas semi-naturais
Agro,agronomia circular
Transversal,óleo de gergelim
Transversal,arbusto
Agro,silagem
Agro,silvicultura
Agro,silvicultura
Agro,silvipastorilismo
Transversal,óleo de ardósia
Forestal,floresta fechada
Transversal,resiliência socioecológica
Forestal,floresta nublada
Transversal,paisagens de produção socioecológica
Transversal,sistema socioecológico
Transversal,resiliência socioecológica
Agro,sorgo
Agro,semeadura
Agro,soja
Agro,soja
Transversal,espécies
Transversal,composição de espécies
Transversal,riqueza de espécies
Transversal,riqueza de espécies
Transversal,gestão liderada por espécies
Biotecnología,espectrofotometria
Forestal,desmatamento
Biotecnología,análise espectroscópica
Agro,especiarias
Transversal,aranhas
Transversal,esporos
Forestal,abeto
Energía,colheita energética
Energía,recuperação de energia
Agro,tronco
Agro,canudo
Transversal,ácidos de açúcar
Transversal,álcoois de açúcar
Agro,beterraba sacarina
Agro,cana de açúcar
Agro,cana de açúcar
Agro,bagaço da cana-de-açúcar
Agro,girassol
Agro,óleo de girassol
Transversal,transições de sustentabilidade
Forestal,floresta
Forestal,área florestal
Forestal,biodiversidade florestal
Forestal,conversão florestal
Forestal,degradação florestal
Forestal,ecossistema florestal
Forestal,agricultura florestal
Forestal,Área florestal
Forestal,produto florestal
Forestal,regeneração florestal
Forestal,resíduo florestal
Forestal,recurso florestal
Forestal,restauração florestal
Forestal,setor florestal
Forestal,setor de base florestal
Biotecnología,biorrefinaria sustentável
Agro,alimentos sustentáveis ​​para animais de criação
Agro,sistemas alimentares sustentáveis
Transversal,intensificação sustentável
Transversal,gestão sustentável da terra
Transversal,uso sustentável
Transversal,abordagem sistêmica
Agro,tangerinas
Transversal,plantas oleaginosas
Turismo,ecossistemas terrestres
Agro,estratégias alimentares territoriais
Transversal,termodinâmica
Biotecnología,conservação de tecidos
Biotecnología,cultura de tecidos
Biotecnología,extratos de tecidos
Transversal,tecidos
Agro,tabaco
Transversal,tocoferol
Agro,tomate
Agro,tomates
Biotecnología,torrefação
Biotecnología,análise de traços
Transversal,Vestigios
Transversal,compensações
Transversal,conhecimento tradicional e local
Transversal,conhecimento tradicional
Transversal,prática medicinal tradicional
Transversal,Medicina tradicional
Biotecnología,transesterificação
Biotecnología,translocação
Forestal,produto florestal não madeireiro
Forestal,árvore
Forestal,viveiro de árvores
Transversal,plantas ornamentais
Forestal,árvores
Forestal,árvores
Transversal,projeto experimental
Transversal,tropical
Residuos,desperdício orgânico
Transversal,frutas tropicais
Transversal,regiões tropicais
Transversal,zonas tropicais
Residuos,desperdício de papel
Agro,leguminosas tubérculos
Agro,agrotecnologia
Agro,resíduo agroalimentar
Biotecnología,ultracentrifugação
Biotecnología,vacinas
Transversal,valorização
Transversal,produto com valor agregado
Residuos,resíduos de celulose
Transversal,cadeias de valor
Forestal,floresta tropical
Transversal,valores da natureza
Agro,cultivo de hortaliças (operação)
Agro,óleos vegetais
Agro,óleos vegetais
Agro,vegetais
Agro,vegetais
Transversal,projeto de planta piloto
Agro,biologia vegetal
Agro,fibras vegetais
Agro,nutrição vegetal
Agro,vegetação
Agro,mapas de vegetação
Agro,vida vegetativa
Agro,vermicomposto
Transversal,vertebrados
Transversal,videira
Transversal,Vinhedo
Transversal,vacinas contra vírus
Forestal,noz
Agro,carbono orgânico do solo
Agro,propriedades do solo
Transversal,conservação de água
Transversal,conservação de água
Transversal,eutrofização da água
Transversal,recursos hídricos
Transversal,segurança hídrica
Transversal,segurança hídrica
Transversal,índice de segurança hídrica 
Transversal,zona húmida
Agro,trigo
Agro,trigo
Agro,palha de trigo
Transversal,polinizador selvagem
Transversal,espécies selvagens
Turismo,observação de espécies selvagens
Biotecnología,vinho
Forestal,madeira
Forestal,lascas de madeira
Forestal,combustível de madeira
Residuos,biomassa residual
Residuos,biorrefinaria de resíduos
Residuos,Reciclagem de lixo
Residuos,valorização de resíduos
Forestal,paletes de madeira
Forestal,pellets de madeira
Transversal,recursos naturais mundiais
Agro,inhame
Agro,inhame
Transversal,levedura
Agro,mandioca
Agro,zoólogos
Agro,zoologia
Transversal,glicoalcalóides
Salud,anticorpo anti-HIV
Salud,anticorpo humoral
Salud,anticorpo ige
Salud,anticorpo policlonal
Salud,anticorpo primário
Salud,anticorpo secundário
Salud,anticorpo neutralizante de soro
Salud,Anticorpo HIV
Salud,antianticorpo
Salud,anticorpo contra proteínas não estruturais
Salud,anticorpo contra pne
Salud,fitoanticorpo
Biotecnología,antimicrobianos clinicamente importantes
Transversal,antraz bacteriano
Transversal,ferrugem bacteriana do algodão
Transversal,mancha bacteriana da videira
Transversal,tripéptido glicosilado de micobactérias
Transversal,tripéptido glicosilado de micobactérias
Salud,técnicas baseadas no uso de biomarcadores
Agro,biopesticida metarhizium
Biotecnología,biorreator enzimático
Biotecnología,biorreator de filtro
Biotecnología,biorreator de loop
Biotecnología,biorreator de membrana
Biotecnología,biorreator de malha
Biotecnología,fotobiorreator
Biotecnología,biorreator de tanque
Biotecnología,biorreator de circulação externa
Biotecnología,biorreator tipo tanque
Turismo,capacidade de carga disponível
Turismo,capacidade de suporte de um pasto
Turismo,capacidade de suporte de um ecossistema
Turismo,capacidade de suporte das pastagens
Turismo,capacidade de carga do terreno
Turismo,capacidade de suporte demográfico
Turismo,capacidade de carga ecológica
Turismo,capacidade de suporte do ecossistema
Turismo,capacidade de carga física
Turismo,capacidade de carga produtiva
Turismo,capacidade de carga de água de um canal
Biotecnología,Cromatografia de afinidade
Biotecnología,cromatografia em fase gasosa
Biotecnología,cromatografia em coluna
Biotecnología,cromatografia em fase gasosa
Biotecnología,detecção de ionização de chama por cromatografia gasosa
Transversal,índice de vulnerabilidade ambiental
Agro,índice de produção de alimentos
Agro,índice de variabilidade da produção de alimentos
Residuos,índice de desperdício alimentar
Biotecnología,técnica de expressão genética anti-sentido
Biotecnología,terapia genética ex vivo
Biotecnología,terapia genética com células germinativas
Biotecnología,terapia genética de linhagem germinativa
Biotecnología,terapia genética humana
Biotecnología,terapia genética in vivo
Biotecnología,terapia genética de células somáticas
Biotecnología,diversidade genética florestal
Biotecnología,diversidade genética dentro das espécies
Biotecnología,diversidade genética intraespécie
Transversal,desenvolvimento de planta piloto
Biotecnología,coeficiente de diferenciação genética
Biotecnología,técnicas de engenharia/modificação genética
Biotecnología,quimera partenogenética
Biotecnología,agrogenômica
Transversal,tecnologia de gestão de recursos hídricos
Transversal,gestão de abastecimento de recursos hídricos
Turismo,certificação de construção verde
Biotecnología,teste de resistência a fungos
Transversal,plantas piloto
Transversal,g proteínas
