sectors,keyword_es
Transversal,3disco
Agro,abejas nativas
Piscícola,abonado de estanques de acuicultura
Transversal,absorción
Transversal,aceites esenciales
Transversal,actividad antioxidante
Piscícola,acuicultura
Piscícola,acuicultura sobre los recursos acuáticos
Salud,adenovirus oncolítico
Transversal,administración de seguridad 
Transversal,administracion del agua
Transversal,adn
Biotecnología,adn recombinante
Biotecnología,agentes de biocontrol
Biotecnología,amplicón
Transversal,adsorción
Biotecnología,análisis bioquímico
Agro,agricultura
Agro,agricultura apoyada por el desarrollo
Agro,agricultura celular
Agro,agricultura de conservación
Agro,agricultura de precisión
Agro,agricultura de zona rural
Agro,agricultura ecológica
Agro,agricultura en ambiente controlado
Agro,agricultura familiar
Agro,agricultura híbrida
Agro,agricultura inteligente
Agro,agricultura orgánica
Agro,agricultura periurbana
Agro,agricultura sin residuos
Agro,agricultura sostenible
Agro,agricultura urbana
Agro,agroalimentario
Agro,agrobacteria
Agro,agrobiodiversidad
Agro,agroecología
Agro,agroforestería
Agro,agroinfiltración
Agro,agronegocios
Agro,agronomía
Residuos,aguas residuales del café
Transversal,alcaloides
Salud,alimentos funcionales
Transversal,almacenar materias primas alimentarias
Biotecnología,análisis de adn
Transversal,ambiente
Transversal,amenazas ambientales
Biotecnología,análisis fitoquímico
Biotecnología,análisis genético
Biotecnología,antibacterianos
Transversal,análisis ambiental
Biotecnología,anticuerpos policlonales
Transversal,análisis composicional
Transversal,análisis cuantitativo
Biotecnología,antimicrobianos
Agro,análisis de alimentos
Transversal,análisis de cadenas de valor
Transversal,análisis de costo-efectividad
Transversal,análisis de la cadena de valor
Transversal,análisis de políticas
Agro,análisis de producción de cultivos.
Transversal,análisis de redes sociales
Agro,análisis de suelos
Biotecnología,aptámero
Transversal,análisis econométrico
Transversal,análisis económico
Transversal,análisis estadístico
Biotecnología,arn
Forestal,análisis forestal
Transversal,análisis funcional
Biotecnología,bacterias de ácido láctico
Transversal,análisis microbiológico
Transversal,análisis microbiológico en alimentos
Transversal,análisis químico
Biotecnología,bacteriología
Biotecnología,bioactividad
Biotecnología,biocatálisis
Salud,antibióticos
Salud,anticuerpo
Salud,anticuerpo monoclonal
Biotecnología,biocontrol
Biotecnología,biodegradación
Transversal,antioxidantes
Transversal,antioxidantes naturales
Transversal,antocianinas
Agro,apicultura
Biotecnología,bioestimulación
Transversal,aptámero del ácido l-ribonucleico
Transversal,armonía con la naturaleza
Biotecnología,biofabricación
Biotecnología,biofuncionalización
Transversal,arqueobotánica
Transversal,arquitectura sostenible
Transversal,bacterias
Biotecnología,biohidrometalurgia
Biotecnología,bioinformática
Biotecnología,bioinstrumentación
Transversal,bacteriología
Biotecnología,biología celular molecular
Transversal,basado en la naturaleza
Transversal,base de datos ncbi
Residuos,basura orgánica
Biotecnología,biología de la ingeniería
Transversal,bienes y servicios ecológicos.
Biotecnología,biología molecular
Agro,biología reproductiva vegetal
Transversal,bioacústica
Energía,biocarbón
Biotecnología,biología sintética
Biotecnología,biomateriales poliméricos
Transversal,biociencia
Energía,biocombustible
Salud,biocompatibilidad
Biotecnología,bionanotecnología
Biotecnología,bioprospección
Transversal,biodegradación microbiana
Energía,biodiésel
Energía,biodigestato
Energía,biodigestatos
Transversal,biodiversidad
Agro,biodiversidad agrícola
Agro,cosecha de plantas
Transversal,bioeconomía
Transversal,bioelectrónica
Energía,bioenergía
Transversal,bioestadística
Biotecnología,bioprospección
Transversal,bioética
Biotecnología,biorreactor
Transversal,biofabricación
Salud,biofarmacéutico
Agro,biofertilizantes
Transversal,biofísica
Biotecnología,biorreactor
Energía,biohidrógeno
Biotecnología,biorrefinación
Biotecnología,biorrefinería
Biotecnología,biorrefinerías de próxima generación
Agro,bioinsumos
Salud,bioleyenda
Agro,biolixiviación
Transversal,biología
Transversal,biología aplicada
Biotecnología,biorremediación 
Transversal,biología combinatoria
Transversal,biología computacional
Transversal,biología de la conservación
Piscícola,biología de la ecología acuática.
Biotecnología,biorremediación ambiental
Transversal,biología de la reproducción
Piscícola,biología de los peces
Transversal,biologia de sistemas
Transversal,biología de sistemas complejos
Agro,biología del suelo
Transversal,biología floral
Forestal,biología forestal
Transversal,biología fúngica
Biotecnología,biorremediación in situ
Transversal,biología molecular microbiana
Biotecnología,biosensores fotónicos
Transversal,biología reproductiva
Agro,métodos de cosecha de plantas.
Biotecnología,bioseparación
Agro,nutrición del suelo vegetal
Transversal,biomagnética
Salud,biomarcador 
Salud,biomarcadores
Transversal,biomasa
Transversal,biomateriales
Biotecnología,biosurfactante
Transversal,biomecánica
Salud,biomedicina
Energía,biometano
Transversal,biomimética
Transversal,biomimético
Transversal,biomimetismo
Biotecnología,biotecnología ambiental
Transversal,biónica
Agro,biopesticida
Agro,biopesticidas microbianos
Transversal,biopiratería
Agro,bioplásticos
Transversal,biopolimerización
Transversal,biopolímeros
Transversal,bioprocesador
Transversal,bioproceso
Transversal,bioproductos
Biotecnología,biotecnología animal
Biotecnología,biotecnología de fermentación
Transversal,bioquímica
Transversal,bioquímica analítica
Agro,bioquímica animal
Transversal,bioquímica de proteínas
Agro,nutrición vegetal
Transversal,bioquímicos
Biotecnología,biotecnología de hongos
Biotecnología,biotecnología industrial
Transversal,biorreactor de algas
Agro,plan de proteccion
Biotecnología,biotransductor
Biotecnología,biotransformación
Biotecnología,biotransformación
Biotecnología,biovalorización
Biotecnología,buenas prácticas de laboratorio (bpl)
Biotecnología,catálisis enzimática
Transversal,biorrobótica
Agro,bioseguridad ganadera
Biotecnología,ciencias de la vida
Biotecnología,cinética de reacción
Biotecnología,citogenética
Transversal,biosimilar
Transversal,biosíntesis
Biotecnología,citometría de flujo
Transversal,biotecnología
Agro,biotecnología agrícola
Biotecnología,clonación
Biotecnología,clonación molecular
Biotecnología,compartimentación in vitro
Biotecnología,compuestos bioactivos
Forestal,biotecnología forestal
Biotecnología,conjugación bacteriana
Transversal,biotecnología microbiana
Biotecnología,control biológico
Biotecnología,conversión de biomasa
Biotecnología,crispr
Biotecnología,cromatografía
Biotecnología,cromatografía líquida
Agro,botánica
Agro,buenas prácticas agrícolas
Biotecnología,cromatografía líquida de alto rendimiento (hplc)
Transversal,cadena de suministro
Agro,calidad de la comida
Transversal,calidad del agua
Piscícola,calidad del agua para la acuicultura
Agro,callo 
Transversal,cambio climático
Agro,carne cultivada
Biotecnología,cultivo de células
Agro,catalizadores de fertilizantes
Transversal,celda de electrólisis microbiana
Salud,célula madre adulta
Salud,células madre
Salud,células madre embrionarias
Salud,células madre inducidas
Residuos,ceniza de carbón
Residuos,ceniza de madera
Transversal,certificación sostenible
Biotecnología,cultivo de células bacterianas
Biotecnología,cultura axénica
Salud,ciencia biomedica
Transversal,ciencia de biomateriales
Agro,ciencia de los alimentos
Salud,ciencia médica
Biotecnología,datos botánicos
Biotecnología,diagnóstico molecular
Transversal,circularidad
Transversal,círculos de sostenibilidad
Biotecnología,dinámica molecular
Biotecnología,diseño de biorreactor
Salud,citotoxicidad
Biotecnología,diseño racional
Biotecnología,diversidad genetica
Biotecnología,ecobiotecnología
Transversal,codificación de 2 bases
Biotecnología,ecología del comportamiento
Biotecnología,ecología del fitoplancton
Energía,combustible biodiésel
Energía,combustible neutro en carbono
Agro,comida funcional
Piscícola,comida para pez
Biotecnología,economía de base biológica
Agro,composición de productos alimenticios.
Transversal,composición química del azúcar.
Agro,compost
Biotecnología,edición de elección
Transversal,computación biológica
Transversal,comunidad sostenible
Biotecnología,edición de genes
Biotecnología,edición de genes crispr
Salud,conjugado anticuerpo-fármaco
Salud,conjugado anticuerpo-oligonucleótido
Transversal,conservación
Transversal,conservación biológica
Forestal,conservación de bosques
Agro,conservación de cultivos
Transversal,conservación de la biodiversidad
Agro,conservación de los alimentos
Transversal,conservación de recursos naturales
Transversal,conservacion de vida salvaje
Agro,conservacion del suelo
Agro,conservación del suelo y el agua
Transversal,conservación natural
Turismo,conservación natural
Biotecnología,edición del genoma
Transversal,construcción sostenible
Transversal,consumo verde
Transversal,contaminación ambiental
Biotecnología,edición principal
Agro,control biológico
Agro,taxonomía vegetal
Transversal,control de procesos
Transversal,conversión de biomasa
Biotecnología,edificio verde
Transversal,corredor de ciencias biológicas de michigan
Agro,virus vegetal
Transversal,crecimiento limpio
Agro,cría de animales
Agro,cría por mutación
Agro,crianza selectiva
Biotecnología,electrocinética de carga inducida
Biotecnología,electroforesis
Biotecnología,electroforesis en gel
Biotecnología,electroporación
Salud,cuerpos de inclusión
Transversal,cuestiones de conservación
Agro,cultivar cultivos para biomasa.
Agro,cultivar cultivos para biomasa.
Biotecnología,embriogénesis somática
Transversal,cultivo de células 3d por levitación magnética
Biotecnología,empalamiento
Agro,cultivo de gusanos
Transversal,cultivo microbiano
Agro,cultivo para biomasa
Transversal,cultivos alimentarios microbianos.
Agro,cultivos industriales
Agro,cultivos modificados genéticamente
Agro,cultivos para biomasa
Biotecnología,ensayos in vitro
Biotecnología,ensayos in vivo
Biotecnología,enzima restrictiva
Transversal,de base biológica
Salud,dendrosoma
Biotecnología,enzimas
Agro,desarrollar políticas agrícolas
Biotecnología,enzimología
Agro,desarrollo agrícola
Agro,desarrollo de bioplaguicidas
Transversal,desarrollo de bioprocesos
Transversal,desarrollo de bioproductos
Transversal,desarrollo de bioproductos
Transversal,desarrollo ecoindustrial
Transversal,desarrollo ecológicamente sostenible
Transversal,desarrollo económico sostenible
Salud,desarrollo farmaceutico
Transversal,desarrollo regional
Transversal,desarrollo regional sostenible
Transversal,desarrollo rural
Transversal,desarrollo rural sostenible
Transversal,desarrollo sistémico
Transversal,desarrollo sostenible
Salud,descubrimiento de clientes potenciales basado en fragmentos
Residuos,desechos alimentarios
Residuos,desechos marinos
Residuos,desperdicio de comida
Residuos,desperdicios de seda
Transversal,destilación
Transversal,determinar la optimización del proceso.
Transversal,deuda de efecto invernadero
Biotecnología,epigenómica
Energía,digestión anaeróbica
Energía,digestor anaeróbico
Biotecnología,escala piloto
Transversal,dinámica estructural
Biotecnología,espectrometría
Biotecnología,espectrometría de masas
Transversal,diseño de ingeniería
Transversal,diseño de producto 
Transversal,diseño de sistema de biomasa.
Biotecnología,espectrometría de masas de proteínas
Piscícola,diversidad de algas
Transversal,diversidad de ecosistemas
Transversal,diversidad de especies
Biotecnología,etnobotánica
Transversal,diversidad microbiana
Agro,diversificación de cultivos 
Biotecnología,evaluación de impacto ambiental
Transversal,duocarmicina
Biotecnología,expresión de proteínas
Transversal,ecología
Piscícola,ecología acuática
Transversal,ecología comunitaria
Transversal,ecología de ecosistemas
Transversal,ecología de hongos
Transversal,ecología de la conservación
Piscícola,ecología de peces
Biotecnología,expresión de proteínas recombinantes
Biotecnología,expresión heteróloga
Forestal,ecología forestal
Transversal,ecología microbiana
Agro,plantas de baya
Transversal,econometría aplicada
Agro,economía agrícola
Transversal,economía aplicada
Transversal,economía baja en carbono
Transversal,economía circular
Biotecnología,extracción
Transversal,economía de la agricultura
Transversal,economía ecológica
Biotecnología,extracción de ácidos grasos
Transversal,ecourbanismo
Biotecnología,extracción de adn
Biotecnología,extracción de compuestos bioactivos
Biotecnología,extraer ácido graso
Transversal,edición del gen leaper
Biotecnología,extremófilos
Biotecnología,fermentación
Biotecnología,fermentación a escala de laboratorio
Biotecnología,fermentación a escala de producción.
Transversal,efecto rebote en la conservación
Energía,eficiencia energética
Agro,eficiencia ganadera
Biotecnología,fermentación de levadura
Agro,el mejoramiento del suelo 
Turismo,el turismo sostenible
Residuos,elaboración de procesos de gestión de residuos.
Biotecnología,fermentación en estado sólido
Biotecnología,fermentación industrial
Biotecnología,fitoquímica
Energía,electrohidrogénesis
Energía,electrometanogénesis
Biotecnología,fitorremediación
Transversal,electrosíntesis microbiana
Biotecnología,formulación de piensos
Residuos,eliminación de residuos bioquímicos
Biotecnología,fosfoproteómica
Energía,emisiones netas de carbono cero
Biotecnología,fotobiología
Transversal,empleos verdes
Biotecnología,fotofísica
Biotecnología,fotosíntesis
Transversal,endonucleasa i-scei codificada por intrón
Energía,energía de biogás
Energía,energía de biogás
Energía,energia limpia
Energía,energía para el desarrollo sostenible
Energía,energía sostenible
Biotecnología,fungicultura
Biotecnología,fusión somática
Biotecnología,genética
Biotecnología,genética cuantitativa
Transversal,entomología
Agro,entomología agrícola
Biotecnología,genética de hongos
Biotecnología,genética de poblaciones
Salud,entrega intracelular
Biotecnología,genética del arroz
Biotecnología,genética molecular
Agro,plantas agricolas
Biotecnología,genómica
Biotecnología,genotipado
Biotecnología,genotipado por secuenciación
Biotecnología,hidrólisis encimática
Biotecnología,hongos filamentosos
Biotecnología,identificación molecular
Transversal,escritura científica
Transversal,espectro electromagnético
Transversal,espectrofotometría
Biotecnología,ingeniería biomolecular
Biotecnología,ingeniería bioquímica
Biotecnología,ingeniería biotecnológica
Transversal,espectroscopia
Agro,estadísticas agrícolas
Transversal,estándares y certificación de sostenibilidad.
Piscícola,estanques de acuicultura 
Residuos,estanques de acuicultura con estiércol
Residuos,estiércol de estanques en acuicultura
Transversal,estrategia macrorregional
Piscícola,estrategias de acuicultura en desarrollo
Agro,estrategias de riego
Piscícola,estrategias para la acuicultura
Biotecnología,ingeniería de biomateriales
Transversal,estructura de la proteína
Biotecnología,ingeniería de proteínas
Energía,estudio de viabilidad sobre la energía del biogás
Transversal,estudios ambientales
Biotecnología,ingeniería de reacción bioquímica
Biotecnología,ingeniería genética
Transversal,evaluación de impacto
Biotecnología,ingeniería metabólica
Transversal,evaluación de la biodiversidad
Piscícola,evaluación de la tasa de crecimiento de especies de peces cultivadas.
Piscícola,evaluación de muestras de peces para diagnóstico.
Transversal,evaluación del ciclo de vida
Agro,evaluación del comportamiento alimentario de las larvas.
Piscícola,evaluación del impacto ambiental de la acuicultura
Transversal,evaluar el rendimiento del sistema
Transversal,evaluar los costos de producción.
Biotecnología,inoculantes biológicos
Biotecnología,la expresion genica
Biotecnología,lipidómica
Biotecnología,lipoproteínas
Biotecnología,mamíferos
Biotecnología,marcadores moleculares
Biotecnología,materiales amigables con el medio ambiente
Biotecnología,materiales nanoestructurados
Biotecnología,materiales poliméricos
Agro,ricino
Biotecnología,mejoramiento molecular
Salud,farmacia
Salud,farmacocinética
Salud,farmacogenética
Salud,farmacogenómica
Salud,farmacognosia
Agro,plantas leguminosas
Biotecnología,metabolitos secundarios
Biotecnología,metabolómica
Biotecnología,metagenómica
Biotecnología,micoremediación
Biotecnología,microbiología general
Biotecnología,microbiología molecular
Transversal,fermentación microbiana
Agro,fertilidad del suelo
Agro,fertilidad del suelo
Agro,fertilizantes
Biotecnología,microfluidos
Agro,ficotecnología
Transversal,finanzas mixtas
Biotecnología,microfluidos digitales
Agro,fitorremediación
Biotecnología,microinyección
Agro,fitotecnología
Transversal,flavonoides
Biotecnología,microorganismos
Biotecnología,microportador
Salud,formulación farmacéutica
Biotecnología,micropropagación
Biotecnología,microscopio fluorescente
Biotecnología,modelado cinético
Biotecnología,nanobiotecnología
Biotecnología,nanociencia
Biotecnología,nanofabricación
Biotecnología,nanomateriales
Biotecnología,nanoneurónica
Agro,genética animal
Biotecnología,nanopartículas
Biotecnología,nanotecnología
Biotecnología,ómicas
Biotecnología,ong
Biotecnología,pcr
Biotecnología,polímeros
Salud,genexperto infinito
Biotecnología,polímeros biodegradables
Biotecnología,precipitación de proteínas
Agro,genómica animal
Biotecnología,preparación enzimática
Biotecnología,probióticos
Biotecnología,procedimientos de secado
Biotecnología,procesamiento ascendente
Transversal,gestión ambiental
Transversal,gestión ambiental
Forestal,gestión de bosques
Transversal,gestión de ingeniería
Transversal,gestión de la cadena de suministro
Transversal,gestión de la calidad
Transversal,gestión de la innovación
Transversal,gestión de la producción
Transversal,gestión de la producción
Transversal,gestión de la sostenibilidad
Transversal,gestión de laboratorio
Salud,gestión de nutrientes
Transversal,gestión de recursos hídricos
Transversal,gestión de recursos naturales
Residuos,gestión de residuos
Residuos,gestión de residuos
Transversal,gestión de suministros sostenibles
Transversal,gestión del rendimiento
Piscícola,biología de los peces
Piscícola,gestión pesquera
Piscícola,métodos de captura de peces
Transversal,gestión sostenible
Transversal,gestión sostenible de los recursos.
Piscícola,gestionar la pesca utilizando el conocimiento biológico
Transversal,gobernanza ambiental
Agro,granja saludable
Transversal,habilidades de laboratorio
Transversal,herpetología
Biotecnología,procesamiento en bajada
Biotecnología,procesamiento enzimático
Transversal,hongos
Biotecnología,procesamiento de enzimas
Agro,horticultura
Transversal,huella ambiental del producto
Biotecnología,proceso de fermentación
Biotecnología,procesos bioquímicos
Piscícola,identificar el impacto ambiental de una actividad acuícola específica.
Piscícola,identificar el impacto de una actividad acuícola específica
Agro,identificar las características de los cultivos.
Biotecnología,producción de proteínas
Transversal,impacto del calentamiento global
Transversal,impacto medioambiental
Biotecnología,productos bioquímicos
Transversal,industrias sustentables
Piscícola,informar la producción de pescado cosechado
Transversal,informes de sostenibilidad
Biotecnología,proteína de la célula huésped
Biotecnología,proteína unicelular
Biotecnología,proteínas recombinantes
Transversal,ingeniería de aguas residuales
Agro,ingeniería de alimentos
Biotecnología,proteómica
Transversal,ingeniería de bioprocesos
Transversal,ingeniería de bioproductos
Transversal,ingeniería de diseño
Transversal,ingeniería de producción
Transversal,ingeniería de producto
Biotecnología,pruebas de biomateriales
Biotecnología,pruebas genómicas
Salud,ingeniería de tejidos
Biotecnología,purificación de proteínas
Biotecnología,química bioinorgánica
Transversal,ingeniería química 
Biotecnología,reacción en cadena de la polimerasa
Salud,inmunodetección
Salud,inmunoterapia contra el cáncer
Transversal,innovación empresarial
Biotecnología,reacción en cadena de la polimerasa (pcr)
Energía,instalaciones de biogás
Energía,instalaciones de biomasa
Salud,instrumentación biomédica
Transversal,instrumentación de química analítica
Agro,intensificación sostenible
Biotecnología,reacción en cadena de la polimerasa con transcripción inversa
Biotecnología,reacción en cadena de la polimerasa en tiempo real (qpcr)
Transversal,interacciones microbianas
Transversal,inversión estratégica sostenible
Transversal,inversión rural
Transversal,investigación
Transversal,investigación de laboratorio
Transversal,investigación rural
Transversal,investigación y desarrollo
Biotecnología,reactores bioquímicos
Transversal,jefe de operaciones
Biotecnología,secuenciación del adn
Biotecnología,secuenciación del genoma
Agro,la producción de alimentos
Agro,la producción de cultivos
Agro,la rotación de cultivos
Salud,laboratorio médico
Biotecnología,sonoporación
Agro,labranza sostenible
Biotecnología,subclonación
Biotecnología,técnicas básicas de biología molecular
Biotecnología,técnicas biotecnológicas
Biotecnología,técnicas de biología molecular
Biotecnología,técnicas de laboratorio
Biotecnología,técnicas in vitro
Biotecnología,tecnología de fermentación
Biotecnología,tecnología de reproducción asistida
Biotecnología,tecnología poscosecha
Biotecnología,terapéutica de arn
Biotecnología,terapia bacteriana
Biotecnología,termodinámica del ácido nucleico.
Biotecnología,transcriptómica
Biotecnología,transcriptómica unicelular
Biotecnología,transfección
Biotecnología,transferir adn
Biotecnología,transposón
Biotecnología,usando procesos biocatalíticos
Biotecnología,vector de expresión
Residuos,lodo de carbón
Agro,los métodos de cultivo
Transversal,macroeconómica
Biotecnología,xenobiología
Agro,manejo de cultivos
Residuos,manejo de desechos bioquímicos
Salud,manejo de la salud
Salud,manejo de la salud 
Forestal,manejo forestal sostenible
Agro,manejo ganadero
Agro,manejo integrado de enfermedades
Agro,manejo integrado de plagas
Transversal,mantenimiento de equipo
Piscícola,mantenimiento de estanques de acuicultura
Agro,cacahuete 
Biotecnología,secuenciación
Biotecnología,adn de hachimoji
Biotecnología,adn ligasa
Transversal,material bioinstructivo
Biotecnología,amplificación de la recombinasa polimerasa
Biotecnología,amplificación dependiente de helicasa
Biotecnología,análisis del espaciador intergénico ribosómico.
Transversal,matlab
Biotecnología,analizar cultivos celulares.
Biotecnología,análogo de aminoácido fotorreactivo
Transversal,mecanismos de producción de almidón.
Salud,medicamentos especializados
Salud,medicina de precisión
Salud,medicina personalizada
Salud,medicina viva
Transversal,medición de la sostenibilidad
Forestal,mediciones forestales 
Biotecnología,arn largo no codificante
Energía,medidor de biogás
Energía,medidor de biogás
Energía,medidor de biogás en funcionamiento
Transversal,medios de vida sostenibles
Biotecnología,bacterias que se dirigen a los tumores
Transversal,optimización
Biotecnología,biblioteca química codificada por adn
Biotecnología,biochip
Biotecnología,biorreactor de musgo
Agro,plantas plaguicidas
Energía,mercado energético
Transversal,mercados sostenibles
Biotecnología,biosensor de glucosa fluorescente
Biotecnología,chem-seq
Transversal,metagénica
Biotecnología,chip-seq
Transversal,metas de desarrollo sostenible
Agro,cultivo de plantas
Biotecnología,clonación ta
Transversal,métodos microbiológicos
Transversal,métricas sostenibles
Transversal,micología ambiental
Biotecnología,coeficiente sincrónico de alteración de arrastre.
Transversal,microalgas
Biotecnología,condensación de adn
Transversal,microbiología
Piscícola,microbiología acuática
Agro,microbiología agrícola
Transversal,microbiología ambiental
Transversal,microbiología aplicada
Salud,microbiología clínica
Agro,microbiología del suelo
Biotecnología,cultura por lotes alimentados
Biotecnología,derretimiento de alta resolución
Salud,microfisiometría
Biotecnología,desarrollar procesos biocatalíticos.
Biotecnología,dímero de imprimación
Biotecnología,drip-seq
Salud,micronutrición
Biotecnología,efecto genético
Transversal,microorganismos patógenos
Transversal,microperlas 
Biotecnología,electrotransferencia genética
Biotecnología,endonucleasa dirigida
Biotecnología,ensayo de cultivo celular
Transversal,microsostenibilidad
Transversal,minería de datos y descubrimiento de conocimientos
Biotecnología,ensayo de unión de selección y amplificación.
Transversal,mitigación del cambio climático
Biotecnología,entorno virtual integrado de alto rendimiento
Transversal,modelado de bioprocesos
Transversal,modelado de sistemas
Transversal,modelado económico
Transversal,modelado y simulación
Transversal,modelo de negocio inclusivo
Transversal,monitoreo de la biodiversidad
Transversal,monitoreo de parámetros ambientales.
Salud,morfolino
Piscícola,muestras de peces para diagnostico
Biotecnología,entrega de genes
Biotecnología,enzima cortadora rara
Biotecnología,enzima melladora
Biotecnología,equipo de análisis bioquímico
Biotecnología,equivalencia sustancial
Biotecnología,estreptámero
Biotecnología,estudio de viabilidad del sistema de biomasa
Biotecnología,etiqueta estreptocócica
Biotecnología,fabricación de composites fuera de autoclave
Biotecnología,fermentación a escala de producción.
Transversal,negocio sustentable
Biotecnología,fertilizantes nitrogenados
Biotecnología,fotobiotina
Biotecnología,genómica del color
Biotecnología,genotipado de snp
Salud,nutrición
Piscícola,nutrición acuícola
Agro,nutrición animal
Agro,enfermedad de las plantas
Agro,fisiología vegetal
Agro,nutriente del suelo
Transversal,nutrigenómica
Transversal,objetivo de desarrollo sostenible 1
Transversal,objetivo de desarrollo sostenible 10
Transversal,objetivo de desarrollo sostenible 11
Transversal,objetivo de desarrollo sostenible 12
Transversal,objetivo de desarrollo sostenible 13
Transversal,objetivo de desarrollo sostenible 14
Transversal,objetivo de desarrollo sostenible 15
Transversal,objetivo de desarrollo sostenible 16
Transversal,objetivo de desarrollo sostenible 17
Transversal,objetivo de desarrollo sostenible 2
Transversal,objetivo de desarrollo sostenible 3
Transversal,objetivo de desarrollo sostenible 4
Transversal,objetivo de desarrollo sostenible 5
Transversal,objetivo de desarrollo sostenible 6
Transversal,objetivo de desarrollo sostenible 7
Transversal,objetivo de desarrollo sostenible 8
Transversal,objetivo de desarrollo sostenible 9
Biotecnología,hibridoma de conejo
Salud,oncogenómica
Biotecnología,indicador de voltaje codificado genéticamente.
Agro,operaciones agrícolas
Transversal,operaciones de producción
Salud,operaciones de salud
Transversal,operaciones de seguridad
Transversal,operar en diferentes situaciones climáticas.
Agro,hortalizas 
Transversal,optimización de bioprocesos
Transversal,optimización de procesos
Transversal,optimización del diseño
Transversal,optoelectrohumectación
Biotecnología,inhibidor del tnf
Biotecnología,interacción proteína-adn
Biotecnología,interacción proteína-proteína
Turismo,patrimonio natural
Biotecnología,isosquizómero
Biotecnología,knockout genético
Biotecnología,laboratorio molecular
Biotecnología,ligadura circular dividida entre péptidos y proteínas.
Biotecnología,ligando inteligente
Biotecnología,lista de sitios de corte de endonucleasas localizadas
Agro,permacultura
Piscícola,pesca
Piscícola,pesca acuícola
Agro,pharming (genética)
Biotecnología,marcado de isótopos estables por aminoácidos en cultivos celulares.
Biotecnología,marcador de tamaño de peso molecular
Agro,trilladora de leguminosas
Forestal,planes de manejo forestal
Biotecnología,mejoramiento vegetal 
Biotecnología,bioquimica vegetal
Forestal,población de árboles
Energía,pobreza energética
Agro,policultivos
Biotecnología,mecánica de la bicapa lipídica.
Biotecnología,mecanismos de fermentación de los alimentos.
Biotecnología,medidas de fermentación de los alimentos.
Transversal,política de medio ambiente
Agro,políticas agrícolas
Transversal,políticas de gestión sostenible
Biotecnología,meganucleasa
Transversal,preparación de la muestra
Biotecnología,métodos de producción de microalgas.
Transversal,prevención de la contaminación
Transversal,previsiones económicas
Transversal,principio de sustitución 
Biotecnología,microarray celular
Agro,principios de producción agrícola sostenible
Biotecnología,minigen
Biotecnología,musgo knockout
Biotecnología,mutanome
Biotecnología,organismos acumuladores de polifosfatos
Agro,procesamiento de alimentos
Transversal,procesamiento de biomasa
Salud,procesamiento de señales biomédicas
Biotecnología,orientación al folato
Biotecnología,pantalla crispr
Biotecnología,pcr dependiente de arnasa h
Transversal,proceso de desarrollo
Biotecnología,pcr en frío
Biotecnología,pegamento molecular
Biotecnología,pegilación
Biotecnología,pinza de adn
Biotecnología,pirosecuenciación
Residuos,procesos de gestión de residuos
Agro,procesos de producción de alimentos
Transversal,procesos de producción de almidón.
Agro,producción agrícola sostenible
Agro,producción animal
Energía,producción biológica de hidrógeno.
Energía,producción de biocombustibles
Energía,producción de bioetanol
Energía,producción de biohidrógeno
Energía,producción de energía de biogás
Energía,producción de etanol
Transversal,producción de microalgas
Biotecnología,polimorfismo de nucleótido simple
Agro,productividad ganadera
Transversal,producto interno bruto verde
Biotecnología,principios de fermentación de la levadura.
Residuos,productos de combustión de carbón
Biotecnología,procedimientos de fermentación de los alimentos.
Biotecnología,sistema de mejoramiento vegetal
Transversal,propiedad intelectual
Agro,protección de cultivos
Transversal,protección de la biodiversidad
Biotecnología,proceso de fermentación del vino.
Biotecnología,procesos de fermentación de los alimentos.
Transversal,proteínas
Biotecnología,promotor táctico
Salud,proteólisis dirigida a quimera
Biotecnología,prueba rápida de antígenos
Salud,proyecto de embrión visible
Salud,prueba de laboratorio
Salud,prueba genética
Biotecnología,pulmón en un chip
Biotecnología,realizar análisis de cultivos celulares.
Salud,pruebas de diagnóstico
Biotecnología,realizar un estudio de viabilidad sobre sistemas de biomasa
Biotecnología,recombinación específica del sitio
Biotecnología,secuenciación de células individuales
Biotecnología,secuenciación de sólidos abi
Biotecnología,secuenciación de tercera generación
Transversal,química
Transversal,quimica aplicada
Biotecnología,secuenciación del genoma
Transversal,química de productos naturales
Transversal,química de proteínas
Transversal,quimica natural
Biotecnología,secuenciación del genoma de especies en peligro de extinción.
Biotecnología,secuenciación en fase sólida
Biotecnología,secuenciación fluorescente de una sola molécula.
Biotecnología,secuenciación ion torrent
Biotecnología,separación de adn por adsorción de sílice.
Biotecnología,síntesis orgánica con plantilla de adn
Biotecnología,sistema de deshidratación al vacío
Agro,reciclaje de tierras
Agro,recolección de cultivos
Biotecnología,sistema de información genética ampliado artificialmente
Residuos,recursos desperdiciados
Transversal,reducir el impacto ambiental en el entorno
Residuos,regulación de residuos
Transversal,remediación ambiental
Agro,rendimientos de los cultivos
Transversal,repoblación forestal
Agro,reproducción animal
Residuos,residuos biodegradables
Residuos,residuos bioquímicos
Residuos,residuos de alimentos para animales
Residuos,residuos de la pesca
Residuos,residuos metabólicos
Transversal,resistencia al cambio sistémico
Transversal,responsabilidad social corporativa
Agro,riego del suelo
Transversal,secado por aspersión
Biotecnología,sonrisa-seq
Biotecnología,subtelómero
Biotecnología,supresión de hibridación sustractiva.
Biotecnología,técnicas de biorremediación
Biotecnología,técnicas de producción de microalgas.
Biotecnología,terapia con células tk
Biotecnología,terapia de genes
Biotecnología,transcriptómica espacial
Biotecnología,transfección asistida por imán
Biotecnología,transferir sistema binario de adn.
Energía,secuestro de carbón
Piscícola,seguimiento de la pesca
Agro,seguridad alimentaria
Biotecnología,transistor de efecto de campo de adn
Residuos,serrín
Agro,servicios agrícolas
Transversal,servicios de ecosistema
Forestal,silvicultura
Transversal,simulación de bioprocesos
Transversal,simulación de procesos
Transversal,simulaciónmatlab
Transversal,síntesis orgánica
Biotecnología,vectores en terapia génica
Agro,sistema agroalimentario
Agro,sistema agroforestal
Energía,sistema de biogás
Transversal,sistema de biomasa
Biotecnología,secuenciación de próxima generación
Biotecnología,alo-715
Agro,sistemas alimentarios
Piscícola,sistemas de acuicultura
Agro,sistemas de energía alimentaria
Energía,sistemas de energía renovable
Energía,sistemas de energía solar
Salud,sistemas de entrega
Energía,sistemas de gas natural
Transversal,sistemas de producción
Transversal,sistemas dinámicos
Biotecnología,genetica vegetal
Transversal,soluciones basadas en la naturaleza
Transversal,soluciones climáticas
Biotecnología,bamhi
Biotecnología,biología molecular vegetal
Transversal,sostener la biodiversidad
Transversal,sostenibilidad
Transversal,sostenibilidad computacional
Transversal,sostenibilidad del medio ambiente
Transversal,sostenibilidad urbana
Biotecnología,colección de bases de datos biocyc
Biotecnología,construcción kode función-espaciador-lípido
Agro,suelo
Biotecnología,ecori
Transversal,taxonomía
Biotecnología,biotecnología vegetal
Biotecnología,eftilagimod alfa
Biotecnología,endonucleasa de colgajo
Agro,técnicas de almacenamiento
Biotecnología,exposoma
Biotecnología,flujofet
Transversal,técnicas de descontaminación
Residuos,técnicas de eliminación de residuos
Biotecnología,genocad
Biotecnología,i-crei
Biotecnología,ilcd
Transversal,tecnología climática
Transversal,tecnología de bioprocesos
Energía,tecnología de combustible de biomasa
Biotecnología,lista de sitios de corte de enzimas de restricción
Agro,tecnología de los alimentos
Transversal,tecnología de microalgas
Transversal,tecnología de química verde
Biotecnología,lista de sitios de corte de enzimas de restricción: a
Energía,tecnología energética de biocombustibles
Energía,tecnología para energías renovables
Biotecnología,lista de sitios de corte de enzimas de restricción: ba – bc
Transversal,tecnología verde
Energía,tecnologías de energías renovables
Energía,tecnologías de hidrógeno
Biotecnología,lista de sitios de corte de enzimas de restricción: bd-bp
Salud,terapia antisentido
Biotecnología,lista de sitios de corte de enzimas de restricción: bsa – bso
Salud,terapia celular
Biotecnología,lista de sitios de corte de enzimas de restricción: bsp – bss
Biotecnología,lista de sitios de corte de enzimas de restricción: bst – bv
Biotecnología,lista de sitios de corte de enzimas de restricción: c – d
Salud,terapias genéticas
Biotecnología,lista de sitios de corte de enzimas de restricción: e – f
Biotecnología,lista de sitios de corte de enzimas de restricción: g – k
Biotecnología,lista de sitios de corte de enzimas de restricción: l – n
Biotecnología,lista de sitios de corte de enzimas de restricción: o – r
Biotecnología,lista de sitios de corte de enzimas de restricción: s
Biotecnología,lista de sitios de corte de enzimas de restricción: t – z
Biotecnología,nb.bbvci
Biotecnología,neoepítopo
Biotecnología,nlaiii
Biotecnología,nucleasa de dedos de zinc
Residuos,tratamiento biológico de aguas residuales
Residuos,tratamiento de aguas residuales
Residuos,tratamiento de aguas residuales municipales
Transversal,tratamiento de aguas y aguas residuales
Residuos,tratamiento de desechos
Transversal,trazabilidad del producto
Transversal,triple línea superior
Transversal,triple resultado final
Biotecnología,nucleótido aminoalilo
Energía,uso sostenible de la energía
Agro,uso sostenible de la tierra
Transversal,valorización de coproductos
Transversal,valorización de subproductos
Biotecnología,pegilación de lisozima
Biotecnología,procesos de fermentación de bebidas.
Biotecnología,pubgene
Salud,viroterapia
Salud,virus del herpes oncolítico
Biotecnología,genética vegetal
Transversal,vitaminas
Biotecnología,pvsripo
Transversal,biorrecursos
Transversal,gestión sostenible de recursos
Transversal,química verde
Transversal,recursos biogénicos
Turismo,activo biocultural
Turismo,conservación de la biodiversidad
Turismo,bioregion
Turismo,biodiversidad de aves
Turismo,aviturismo
Turismo,observación de aves
Turismo,destino azul
Turismo,infraestructura azul
Turismo,red de monitoreo comunitario de ecosistemas
Turismo,turismo comunitario
Turismo,viaje consciente
Turismo,valores ecológicos
Turismo,ecoturismo
Turismo,cadena de valor de servicios ecoturísticos
Turismo,eficiencia energética
Turismo,sensibilización ambiental
Turismo,compensación ambiental
Turismo,conservacion medioambiental
Turismo,huella ambiental
Turismo,impacto ambiental
Turismo,gestión de pasivos ambientales
Turismo,desempeño ambiental del turismo
Turismo,responsabilidad ambiental
Turismo,valores ambientales
Turismo,gobernanza para el turismo sostenible
Turismo,edificio verde
Turismo,infraestructura verde
Turismo,industria turística verde
Turismo,observación de herpetos
Turismo,destino innovador
Turismo,oferta innovadora de turismo
Turismo,Productos turísticos innovadores 
Turismo,patrimonio cultural inmaterial
Turismo,capacidad de carga
Turismo,comunidades locales
Turismo,oferta turística baja en carbono
Turismo,mitigación de la huella ambiental del turismo
Turismo,patrimonio nacional
Turismo,capital natural
Turismo,bienes naturales
Turismo,patrimonio natural
Turismo,parques naturales
Turismo,reserva natural
Turismo,atractivo turistico natural
Turismo,riqueza natural
Turismo,turismo científico de naturaleza
Turismo,turismo de naturaleza
Turismo,experiencias turísticas centradas en la naturaleza
Turismo,destino turístico libre de plásticos
Turismo,área natural protegida
Turismo,provisión de servicios ecosistémicos
Turismo,turismo regenerativo
Turismo,narrativa turística regional
Turismo,destino turistico resiliente
Turismo,gestión responsable de los recursos
Turismo,gestión del riesgo para el turismo sostenible
Turismo,rutas sustentadas en capital natural
Turismo,turismo cientifico de naturaleza
Biotecnología,terapia de adn con plásmido hgf humano
Turismo,tratamiento de aguas residuales
Turismo,turismo sostenible inteligente
Turismo,destino turistico inteligente
Turismo,inclusión social
Turismo,a integridad sociocultural
Turismo,manejo de residuos sólidos
Turismo,turismo de naturaleza especializado 
Turismo,ecosistemas estratégicos
Turismo,sostenibilidad de atractivos 
Turismo,sostenibilidad de la cadena de valor del turismo
Turismo,sostenibilidad de destino turístico
Turismo,consumo sostenible
Turismo,infraestructura sostenible
Turismo,prácticas sostenibles
Turismo,producto turístico especializado sustentable
Turismo,turismo sostenible
Turismo,negocio turístico sostenible
Turismo,"indicadores de turismo sostenible"
Turismo,inversión turística sostenible
Turismo,gestión del turismo sostenible
Turismo,oferta turística sostenible
Turismo,producción sostenible del turismo
Turismo,Productos turísticos sostenibles
Turismo,proyecto turístico sostenible
Turismo,calidad turística sostenible
Turismo,destinos turísticos sostenibles
Turismo,cultura de viaje sostenible
Turismo,corresponsabilidad turística
Turismo,desarrollo turístico
Turismo,turismo en áreas protegidas
Turismo,plataforma de inteligencia turística
Turismo,gestión turística
Turismo,sostenibilidad del turismo
Turismo,relación turismo-biodiversidad
Turismo,comportamiento turístico
Turismo,geoportal turístico
Turismo,potencia turística
Turismo,infraestructura turística
Turismo,recursos naturales únicos
Turismo,valor agregado
Turismo,recorrido virtual
Turismo,huella hídrica
Turismo,gestión del agua
Turismo,fauna silvestre
Biotecnología,virocap
Turismo,estrategia de turismo cientifico de naturaleza
Turismo,plan de desarrollo turístico
Agro,sistemas agroalimentarios regenerativos
Agro,sistema socio-ecológico
Agro,agricultura regenerativa
Agro,microorganismos
Agro,fijación de nitrógeno
Agro,salud del suelo
Agro,fertilización biológica
Agro,compost
Agro,sistema agrícola
Agro,fertilidad del suelo
Agro,materia orgánica
Transversal,bioeconómico
Transversal,bioeconomico
Agro,ciclo de nutrientes
Agro,polinización abiótica
Transversal,abundancia ecologica
Forestal,restauración activa
Forestal,forestación
Agro,planes agroambientales
Agro,biología agrícola
Agro,química agrícola
Agro,cooperativa agrícola
Agro,crédito agrícola
Agro,enseñanza agrícola
Agro,ingeniería agrícola
Agro,empresa agrícola
Agro,extensificación agrícola_1
Agro,extensión agrícola
Agro,genética agrícola
Agro,sistema de información agrícola
Agro,intensificación agrícola
Agro,tierra agrícola
Agro,mercado agrícola
Agro,planificación agrícola
Agro,política agraria
Agro,precio agrícola
Agro,producción agrícola
Agro,paisajes de producción agrícola
Agro,producto agrícola
Agro,investigación agrícola
Agro,desperdicio agrícola
Agro,sistemas agrosilvícolas
Agro,sistemas agrosilvipastoriles
Agro,agrodeforestación
Agro,zonas agroecológicas
Agro,agrosilvopastoralismo
Agro,agrobiodiversidad
Agro,biodiversidad agrícola
Agro,agricultura agroecológica
Agro,protección agroecológica de cultivos
Agro,diseño agroecológico
Agro,infraestructura agroecológica
Agro,transición agroecológica
Agro,agroecologia_1
Agro,agroecosistema
Agro,salud del agroecosistema
Agro,agroforestería_1
Agro,agroindustria
Transversal,especies exóticas invasoras
Transversal,especies foráneas
Transversal,alelopatía
Agro,suelo aluvial
Agro,agricultura alternativa
Transversal,anaeróbico
Transversal,digestión anaeróbica en granjas
Agro,bioma antropogénico
Transversal,paisajes antropogénicos
Piscícola,acuapónico
Piscícola,ecosistema acuático
Piscícola,medio ambiente acuático
Biotecnología,mejoramiento de plantas moleculares
Transversal,acuífero
Transversal,capa acuífera
Transversal,ecosistemas áridos
Transversal,regiones áridas
Transversal,zona árida
Transversal,aridificación
Transversal,biodiversidad asociada
Agro,autonomía en los sistemas agrícolas
Transversal,páramos
Transversal,bioclimatología
Turismo,diversidad biocultural
Transversal,pérdida de biodiversidad
Agro,agricultura biodinámica
Transversal,biofumigación
Energía,biogás
Transversal,biogénesis
Transversal,biogeoquímica
Transversal,biogeografía
Transversal,adaptación biológica
Transversal,diversidad biológica
Transversal,efectos biológicos
Transversal,aporte biológico
Transversal,regulación biológica
Transversal,investigación biológica
Transversal,recursos biológicos
Energía,energía de la biomasa
Transversal,bioma
Transversal,biometría
Agro,agroclimatología
Transversal,biorecurso
Transversal,enfermedad animal
Transversal,biosfera
Transversal,reservas de la biosfera
Transversal,biota
Transversal,ecología animal
Transversal,zootecnia
Transversal,anóxico
Transversal,facilitación biótica
Transversal,homogeneización biótica
Transversal,ave
Transversal,investigación aplicada
Transversal,carbono azul
Piscícola,animal acuático
Transversal,suspensiones acuosas
Transversal,procreación artificial
Transversal,autofertilidad
Forestal,deforestación evitada en conjunto con forestación y reforestación (adaff)
Agro,apicultura
Biotecnología,estabilización biotecnológica
Transversal,biocapacidad
Transversal,biocarbón
Transversal,demanda bioquímica de oxígeno
Transversal,carbono
Transversal,gestión biocultural
Turismo,refugios bioculturales
Transversal,huella de biodiversidad
Transversal,huella de carbono
Transversal,compensación de carbono
Transversal,hotspot de biodiversidad
Transversal,sumidero de carbono
Transversal,almacenamiento de carbono
Transversal,compensación de biodiversidad
Transversal,absorción de carbono
Transversal,bioetanol
Transversal,biogénico
Transversal,especies casuales
Transversal,ciclos biogeoquímicos
Transversal,demanda biológica de oxígeno
Transversal,sistema biofísico
Transversal,valor biofísico
Transversal,bioseguridad
Transversal,jardin botánico
Transversal,zonas de amortiguamiento
Transversal,compuesto químico
Transversal,efectos químicos
Transversal,elemento químico
Transversal,abejorro
Transversal,cinética química
Transversal,impuestos al carbono
Transversal,certificación ambiental
Transversal,propiedad química
Transversal,especie carismática
Transversal,ecosistema quimiosintético
Transversal,adaptación al cambio climático
Transversal,quimiosíntesis
Transversal,datos climáticos
Transversal,medicina clínica
Transversal,sistemas de agua cerrados
Transversal,protección costera
Transversal,zona costera
Transversal,café
Transversal,gobernanza colaborativa
Transversal,regulación climática
Agro,agricultura climáticamente inteligente
Agro,agricultura climáticamente inteligente (csa)
Transversal,variabilidad climática
Transversal,comunidad ecológica
Forestal,bosques gestionados por la comunidad
Transversal,conservación basada en la comunidad
Transversal,gestión comunitaria de recursos naturales
Transversal,cultivo de cobertura
Transversal,auxiliares de cultivo
Transversal,cerrar ciclos de nutrientes
Transversal,polinización cruzada
Transversal,servicios ecosistémicos culturales
Forestal,silvicultura comunitaria
Transversal,siembra directa bajo cultivo de cobertura
Agro,agricultura ecológicamente intensiva
Forestal,manejo forestal comunitario
Transversal,monitoreo comunitario
Transversal,vulnerabilidad económica
Transversal,control biológico de conservación
Transversal,ecopatología
Transversal,contabilidad del ecosistema
Transversal,función del ecosistema
Transversal,integridad del ecosistema
Transversal,sensibilidad del ecosistema
Transversal,estructura del ecosistema
Transversal,efecto de borde
Transversal,química ambiental
Agro,intensificación de cultivos
Agro,pariente silvestre del cultivo
Agro,agricultura-ganadería
Agro,tierras de cultivo
Agro,diversificación del plan de cultivo.
Agro,sistema de cultivo
Transversal,información ambiental
Transversal,estadísticas ambientales
Transversal,análisis de datos
Transversal,recopilación de datos
Transversal,procesamiento de datos
Transversal,flora
Transversal,recursos forrajeros
Transversal,desierto
Transversal,biología popular
Transversal,control de alimentos
Forestal,bosque seco
Transversal,estadísticas alimentarias
Transversal,pastoreo a principios de primavera
Transversal,ecocertificación
Turismo,ecocomunalismo
Transversal,dinámica ecoevolutiva
Transversal,ecoinformática
Transversal,etiquetado ecologista
Transversal,ecocentrismo (o biocentrismo)
Transversal,ecohidrología
Transversal,punto de ruptura o umbral ecológico (o socioecológico)
Transversal,equilibrio ecológico
Transversal,comunidad ecologica
Transversal,conectividad ecológica
Transversal,crisis ecológica
Transversal,integridad ecológica
Transversal,justicia ecológica
Transversal,conocimiento ecológico
Transversal,procesos ecológicos
Transversal,investigación ecológica
Agro,agricultura ecológicamente intensificada
Transversal,ecología de los sistemas alimentarios.
Transversal,contratación pública verde
Transversal,agua verde
Transversal,floraciones de algas nocivas
Transversal,hidrógrafo
Transversal,enfoque ecosistémico
Transversal,datos hidrológicos
Transversal,bienes ecosistémicos
Transversal,restauración del ecosistema
Transversal,servicio ecosistémico
Agro,servicios ecosistémicos en agroecosistemas
Transversal,adaptación basada en ecosistemas
Transversal,adaptación al cambio climático basada en ecosistemas.
Transversal,enfoque basado en ecosistemas
Transversal,gestión basada en ecosistemas
Transversal,ecosistema
Transversal,agricultura integrada
Agro,cultivos intercalados
Transversal,polinizador introducido
Transversal,especie invasora
Transversal,animal de laboratorio
Transversal,economía de la tierra
Transversal,deterioro ambiental
Transversal,economía medioambiental
Transversal,educación ambiental
Transversal,ingeniería ambiental
Transversal,enseñanza de las ciencias del mar
Transversal,indicadores ambientales
Transversal,protocolo de nagoya
Transversal,curva ambiental de kuznets (ekc)
Transversal,legislación ambiental
Transversal,vigilancia ambiental
Transversal,calidad ambiental
Transversal,ciencias ambientales
Transversal,derecho natural
Transversal,exploración marina
Forestal,manejo forestal extensivo
Transversal,resiliencia agrícola
Transversal,pesquería
Transversal,agricultura campesina
Transversal,semillas campesinas
Transversal,pastizales permanentes
Transversal,fotoquímica
Transversal,flor
Transversal,dinámica de fluidos
Transversal,laboratorio de investigación
Transversal,consumo alimenticio
Transversal,costumbres alimenticias
Transversal,recursos alimentarios
Transversal,autosuficiencia alimentaria
Transversal,soberanía alimentaria
Transversal,resiliencia
Transversal,restauración
Forestal,incendio forestal
Forestal,jardín forestal
Forestal,producto forestal
Forestal,recursos forestales
Transversal,pastoreo rotacional
Forestal,bosque
Transversal,biodiversidad funcional
Transversal,gen
Transversal,genoma
Transversal,genotipo
Transversal,germoplasma
Biotecnología,mejoramiento vegetal
Transversal,bonos verdes
Transversal,economía verde
Transversal,crecimiento verde
Transversal,abono verde
Transversal,gases de efecto invernadero
Transversal,pérdida de hábitat
Transversal,modificación del hábitat
Transversal,especialista en hábitat
Agro,agricultura de alto valor ambiental
Transversal,pastizales sembrados de alta diversidad
Transversal,sistema socioecológico
Transversal,ecología humana
Transversal,genética humana
Agro,degradación de suelos
Agro,humedad del suelo
Agro,agua del suelo
Transversal,hidrobiología
Transversal,ciclo hidrológico
Transversal,análisis espectroquímico
Transversal,espectrómetro
Agro,administracion agricola
Agro,quimica agricola
Transversal,animal salvaje
Agro,legislacion agraria
Agro,excedentes agricolas
Transversal,enfermedades de los animales
Transversal,gestión integrada de los recursos hídricos
Transversal,manejo integrado de malezas
Transversal,grasas animales
Transversal,aceites animales
Transversal,especie exótica invasora
Biotecnología,reproduccion animal
Biotecnología,virus animales
Biotecnología,material de laboratorio
Biotecnología,bio base europa
Transversal,biomasa aérea
Transversal,absorcion
Transversal,adsorcion
Transversal,poder de adsorcion
Transversal,aerobiosis
Agro,politica agraria
Agro,reforma agraria
Agro,sistemas agrarios
Transversal,algas
Transversal,algas
Transversal,secuencia de aminoacidos
Transversal,aminoacidos
Transversal,aminoalcoholes
Transversal,anfibios
Forestal,politica forestal
Transversal,anaerobiosis
Transversal,analisis de laboratorio
Agro,agricultura multifuncional
Transversal,analisis de las funciones sistemicas
Transversal,analisis de las estructuras sistemicas
Forestal,bosques nativos
Transversal,bioquimica analitica
Transversal,ananas
Biotecnología,biologia animal
Agro,ecologia animal
Agro,alimentos para animales
Agro,alimentación animal
Agro,fibras animales
Agro,estiércol animal
Agro,nutricion animal
Agro,produccion animal
Agro,animalidad
Agro,animales
Transversal,antiinfecciosos
Salud,antiinflamatorios
Transversal,antiarritmicos
Transversal,antibiosis
Transversal,antibioticos
Salud,anticuerpos
Transversal,formacion de anticuerpos
Transversal,especificidad de los anticuerpos
Transversal,anticolinergicos
Salud,anticoagulantes
Transversal,anticonvulsivos
Transversal,antidepresores
Transversal,antidiabeticos
Transversal,antiemeticos
Transversal,antifungicos
Transversal,complejo antigeno-anticuerpo
Agro,agricultura organica
Transversal,reacciones antigeno-anticuerpo
Salud,antigenos
Transversal,antihistaminicos
Transversal,antihipertensores
Transversal,antimetabolitos
Agro,agricultura permanente
Transversal,antineoplasicos
Transversal,antiparasitarios
Transversal,antiparkinsonianos
Transversal,antiprotozoarios
Transversal,antisepsia
Transversal,antisepticos
Agro,economia del suelo
Transversal,antiespermatogenicos
Transversal,antitoxinas
Transversal,antituberculosos
Transversal,antitusivos
Transversal,agentes antivirales
Transversal,antivirosicos
Agro,manzano
Transversal,aplicacion de la c+t
Transversal,aplicacion de los resultados de i+d
Transversal,investigacion aplicada
Residuos,residuos marrones
Transversal,ciencias aplicadas
Agro,tierras arables
Transversal,aracnidos
Forestal,arboricultura
Transversal,artropodos
Agro,inseminacion artificial
Agro,relocalización de la agricultura
Transversal,ascaris
Transversal,astrobiologia
Transversal,autoecologia
Transversal,centros de i+d autonomos
Transversal,capacidad de agua disponible
Transversal,variación genética promedio
Agro,palta
Agro,aguacate
Agro,aguacates
Transversal,vacunas bacterianas
Transversal,bacteriologos
Transversal,bacteriologia
Agro,biblioteca agrícola
Agro,índice de orientación agrícola
Transversal,bacteriofago
Transversal,bagazo
Transversal,bambú
Agro,platano
Agro,bananos
Agro,platanos
Agro,agricultura de conservación_1
Agro,cebada
Transversal,técnica de conservación
Agro,cebada
Agro,frijoles
Agro,porotos
Agro,haya
Agro,azucar de remolacha
Agro,cultivos
Transversal,beggiatoales
Forestal,deforestación
Agro,bergamotas
Energía,mantenimiento de plantas de biogás.
Transversal,producto químico de base biológica
Transversal,compuesto de base biológica
Transversal,fertilizante de base biológica
Transversal,industria de base biológica
Transversal,material de base biológica
Transversal,producto de base biológica
Transversal,productos de base biológica
Energía,biobutanol
Energía,biocatalizador
Energía,biocarbón
Transversal,bioquímica
Transversal,bioconversión
Energía,bio-crudo
Energía,bio-crudo
Transversal,bolsa biodegradable
Transversal,biodegradación
Energía,biodiesel
Energía,producción de biodiesel
Transversal,biosecado
Transversal,bioeconomía
Energía,bioetanol
Energía,producción de bioetanol
Transversal,biofertilizante
Transversal,biofertilizante
Transversal,biopelícula
Transversal,biofiltro
Transversal,biocombustible
Forestal,degradación forestal_1
Forestal,transición forestal
Agro,fertilidad biológica del suelo
Agro,agricultura de conservación del suelo
Energía,producción de biocombustibles
Energía,biogás
Energía,operar planta de biogás.
Agro,vida del suelo
Agro,mapa edafológico
Energía,producción de biogás
Energía,biogasolina
Energía,biohidrógeno
Agro,recursos de suelos
Agro,edafología de los suelos
Energía,producción de biohidrógeno
Energía,biohitano
Energía,biolubricante
Transversal,biofabricación
Transversal,biofabricación
Energía,biometano
Energía,bio-aceite
Agro,hotspot de agrobiodiversidad
Agro,bioplaguicida
Biotecnología,bioplástico
Transversal,biopolímero
Transversal,bioproceso
Transversal,bioproducto
Energía,biorreactor
Energía,vertedero de biorreactores
Energía,bio-recuperación
Transversal,biorefinería
Forestal,silvicultura comunitaria sostenible
Transversal,biorremediación
Transversal,biosorción
Agro,agricultura intensiva sostenible
Agro,gestión sostenible de la materia orgánica del suelo.
Transversal,biosurfactante
Transversal,biosíntesis
Transversal,biotransformación
Transversal,bioacumulación
Transversal,cambio tecnológico
Agro,producto químico de base biológica
Agro,compuesto de base biológica
Agro,economía de base biológica
Agro,fertilizante de base biológica
Agro,industria de base biológica
Agro,material de base biológica
Agro,producto de base biológica
Energía,biobutanol
Transversal,biocatalizador
Transversal,genetica bioquimica
Transversal,demanda bioquimica de oxigeno
Transversal,fenomenos bioquimicos
Transversal,bioclimatologia
Transversal,materiales biocompatibles
Transversal,bioconversión
Energía,biocrudo
Energía,biocrudo
Forestal,bosque y selva tropicales
Transversal,bolsa biodegradable
Transversal,biodegradacion
Energía,producción de biodiésel
Transversal,puntos críticos de huella de biodiversidad
Transversal,índice de integridad de la biodiversidad
Agro,biosecado
Transversal,bioemulsificantes
Transversal,bioemulsiones
Energía,bioetanol
Residuos,agua residual
Agro,biofertilizante
Agro,biofertilizante
Transversal,biofiltro
Energía,biogas
Energía,biogás
Energía,producción de biogás
Energía,biogasolina
Energía,biogenesis
Energía,compuestos orgánicos volátiles biogénicos
Transversal,biogeografia
Transversal,biogravitacion
Transversal,biohitano
Transversal,bioinstrumentacion
Transversal,adaptacion biologica
Transversal,equilibrio biologico
Transversal,factores biologicos
Transversal,control biologico de plagas
Agro,empresas agricolas
Agro,cooperativas agricolas
Agro,desarrollo agricola
Agro,economia agricola
Transversal,fenomenos biologicos
Transversal,productos biologicos
Agro,planificacion agricola
Energía,planta de biogás
Agro,potencial agricola
Agro,produccion agricola
Agro,proyectos agricolas
Agro,regiones agricolas
Agro,residuos agricolas
Transversal,regeneracion biologica
Agro,servicios agricolas
Agro,sistemas agricolas
Agro,tecnologia agricola
Agro,agricultura para la exportacion
Agro,agricultura. alimentación
Agro,explotacion agricola
Agro,complejos agroindustriales
Agro,ingenieria agronomica
Agro,i+d agronomica
Agro,agronomos
Agro,ingenieros agronomos
Agro,agronomia
Transversal,recursos biologicos
Transversal,muestras biologicas
Transversal,ciencias biológicas
Transversal,encuestas biologicas
Transversal,terapia biologica
Transversal,transporte biologico
Transversal,instalación de tratamiento biológico
Transversal,biologos
Transversal,biologia
Energía,biolubricante
Transversal,biofabricación
Transversal,briquetas de biomasa
Transversal,concentración de biomasa
Transversal,eliminación de biomasa
Transversal,energía de biomasa
Transversal,producción de biomasa
Transversal,valorización de biomasa
Forestal,productos forestales no maderables
Transversal,biomatematica
Transversal,biomecanica
Biotecnología,ingenieria biomedica
Energía,fuente de energía no renovable
Biotecnología,materiales biomedicos
Transversal,bionica
Forestal,bosque antiguo
Residuos,residuos de animales
Transversal,bioaceite
Transversal,biofisica
Transversal,bioplástico
Biotecnología,biopolímero
Biotecnología,biopolimerizacion
Transversal,bioproducto
Biotecnología,vertedero de biorreactores
Transversal,biorrecuperación
Transversal,biosorción
Transversal,biosintesis
Transversal,bioterrorismo
Transversal,material biótico
Agro,abedul
Agro,abedul
Turismo,aves
Turismo,jardines botanicos
Transversal,botanicos
Energía,reparación de plantas de biogás.
Transversal,botanica
Transversal,braquiopodos
Transversal,hortalizas bulbosas
Transversal,subproducto
Transversal,subproductos
Transversal,colecciones de c+t
Agro,azucar de caña
Transversal,capitalizacion de los resultados de i+d
Transversal,ciclo del carbono_1
Transversal,dióxido de carbono
Transversal,equivalente de dióxido de carbono
Agro,cultivo de carbono
Transversal,secuestro de carbono
Transversal,caroteno
Transversal,carotenos
Transversal,carotenoides
Forestal,reducción de las emisiones de la deforestación
Agro,zanahorias
Forestal,bosques artificiales
Agro,mandioca
Energía,planta de biogás
Forestal,reducción de emisiones por deforestación y degradación forestal
Agro,aceite de ricino
Energía,energía renovable
Energía,fuente de energía renovable
Transversal,catalisis
Transversal,catalizadores
Transversal,pirólisis catalítica
Biotecnología,biologia celular
Biotecnología,cultivo celular
Agro,cultivos celulares
Transversal,morfologia celular
Transversal,fisiologia celular
Transversal,estructura celular
Transversal,celulas (biologia)
Transversal,division celular
Transversal,membrana celular
Transversal,celulosa
Transversal,celulosa
Transversal,esteres de celulosa
Transversal,eteres de celulosa
Transversal,resinas celulosicas
Transversal,celulosa a etanol
Transversal,centrifugacion
Forestal,bosque de segundo crecimiento
Agro,cereal
Agro,cultivo de cereales (operacion)
Agro,productos cereales
Transversal,ingenieria quimica
Transversal,ingenieros quimicos
Transversal,quitina
Transversal,quitosano
Transversal,análisis cromatográfico
Biotecnología,cromatografia
Transversal,cromosoma
Transversal,bioeconomía circular
Transversal,modelo de negocio circular
Transversal,cadena de valor industrial circular
Transversal,economía regenerativa circular
Transversal,solución circular
Transversal,cadena de valor circular
Transversal,evaluación de circularidad
Transversal,bioquimica clinica
Transversal,círculo cerrado de nutrientes
Biotecnología,co-pirolisis
Agro,cacao
Agro,cacao (arbol)
Agro,aceite de coco
Agro,cocotero
Agro,cafe
Agro,cafeto (arbol)
Transversal,coloides
Transversal,compuestos organicos complejos
Transversal,materiales compuestos
Transversal,composicion de la materia
Transversal,composicion de medicamentos
Transversal,pila de compost
Transversal,compostaje
Transversal,conífera
Transversal,conífero
Biotecnología,biotecnologia
Transversal,beneficios de conservación
Transversal,laboratorios de control
Transversal,matorral
Transversal,corcho
Transversal,maíz
Agro,fertilidad del suelo
Agro,calidad del suelo
Transversal,chips de maíz
Transversal,aceite de maiz
Transversal,algodon
Agro,fibras de algodon
Agro,tallo de algodon
Agro,aceite de algodon
Agro,sistemas socioecológicos acoplados
Agro,madera contralaminada
Transversal,cristalizacion
Agro,cristalografia
Agro,frutas cucurbitaceas
Agro,cucurbitaceas
Agro,tierras cultivadas
Agro,tierra cultivada
Agro,cultivo
Agro,cultivo en bancales
Agro,manejo sustentable del suelo
Agro,agricultura intensificada de forma sostenible
Agro,practicas de cultivo
Transversal,transferencia de tecnología
Transversal,servicio de transferencia de tecnología
Transversal,fermentación oscura
Transversal,desalquilacion
Transversal,desaminacion
Transversal,decantacion
Transversal,descarboxilacion
Transversal,descloracion
Transversal,reacciones de descomposicion
Transversal,descontaminacion
Transversal,desgasificacion
Transversal,deshumidificacion
Agro,alimentos deshidratados
Transversal,deshidratacion
Transversal,desionizacion
Transversal,desmineralizacion
Transversal,desarrollo de nuevos procesos
Transversal,desarrollo de nuevos productos
Transversal,coeficiente de difusion
Biotecnología,digestato
Transversal,agentes dispersantes
Transversal,destilacion
Transversal,diversificacion de la produccion
Residuos,eliminación de desechos
Agro,agricultura diversificada
Agro,sistema agrícola diversificado
Transversal,código de barras de adn
Transversal,delfines
Transversal,genes dominantes
Biotecnología,interaccion de medicamentos
Biotecnología,metabolismo de los medicamentos
Biotecnología,receptores de medicamentos
Biotecnología,estabilidad de medicamentos
Biotecnología,terapia con medicamentos
Biotecnología,farmacos
Agro,cultivo en tierras áridas
Transversal,secado
Transversal,aceites secantes
Forestal,deforestacion
Forestal,tierras deforestadas
Transversal,degradación de las tierras secas
Agro,agricultura de secano
Transversal,patos
Transversal,lombriz de tierra
Transversal,ébano
Transversal,equinodermos
Transversal,balance ecologico
Transversal,crisis ecologica
Transversal,degradacion ecologica
Transversal,desastres ecologicos
Transversal,viabilidad ecologica
Transversal,huella ecológica
Transversal,nicho ecológico
Transversal,relaciones ecologicas
Transversal,sistemas ecologicos
Residuos,residuos domesticos
Transversal,ecologia
Transversal,degradación del ecosistema
Transversal,ingeniero de ecosistemas
Transversal,salud del ecosistema
Transversal,gestión de ecosistemas
Agro,tierra (suelos)
Transversal,servicio ecosistémico
Transversal,ecosistemas
Transversal,ecotono
Transversal,edafologia
Transversal,araceas comestibles
Agro,cruciferas comestibles
Agro,cucurbitaceas comestibles
Agro,grasas comestibles
Agro,setas comestibles
Agro,nueces comestibles
Agro,refinacion de aceites comestibles
Agro,aceites comestibles
Agro,raices comestibles
Transversal,elastomeros
Transversal,electroquimica
Transversal,electrolisis
Transversal,absorcion electromagnetica
Transversal,endemismo
Transversal,entomologia
Turismo,activos ambientales
Transversal,biologia del medio ambiente
Transversal,control del medio ambiente
Transversal,efectos ambientales
Transversal,ingenieria ambiental
Transversal,gestion del medio ambiente
Transversal,proteccion del medio ambiente
Transversal,servicio ambiental
Transversal,servicios del medio ambiente
Transversal,simulacion ambiental
Transversal,estudios del medio ambiente
Transversal,impuestos ambientales
Transversal,ensayos ambientales
Biotecnología,inhibidores enzimaticos
Biotecnología,enzimologia
Transversal,epifauna
Transversal,variables esenciales de biodiversidad
Transversal,eubacterias
Transversal,eucalipto
Transversal,eutrófico
Transversal,eutroficos
Transversal,eutroficación
Transversal,evaporacion
Transversal,tecnologias que requieren mucho capital
Transversal,fago
Agro,granja
Agro,maquinaria agricola
Agro,productos agricolas
Agro,agricultor
Agro,granjas
Transversal,pirólisis rápida
Transversal,acidos grasos
Transversal,alcoholes grasos
Transversal,alimentar
Transversal,fermentacion
Agro,fertilizacion
Agro,fertilizante
Agro,cosechas de cereales
Transversal,fibras
Transversal,investigacion de campo
Transversal,productos acabados
Transversal,productos terminados
Transversal,abeto
Transversal,peces
Agro,aceites de higado de pescado
Agro,aceites de pescado
Piscícola,conservacion de la pesca
Piscícola,producto pesquero
Piscícola,recursos pesqueros
Transversal,lino
Transversal,fibras de lino
Transversal,flotacion
Agro,cultivos de campo
Transversal,floricultura
Transversal,platija
Transversal,harina
Transversal,flores
Biotecnología,fluidizacion
Biotecnología,fluoruracion
Forestal,bosques de coniferas
Biotecnología,fluoracion
Biotecnología,fluorometria
Agro,cereales forrajeros
Agro,raices forrajeras
Agro,aditivos para alimentos
Agro,analisis de alimentos
Agro,diversificacion de cultivos
Agro,produccion de cosechas
Agro,rotacion de cultivos
Agro,sistemas de cultivo
Agro,cosechas
Agro,consumo de alimentos
Agro,contaminacion de alimentos
Agro,demanda de alimentos
Agro,distribucion de comida
Agro,economia de la alimentacion
Agro,inspeccion de alimentos
Agro,etiquetado de alimentos
Agro,envasado de alimentos
Agro,planificacion alimentaria
Agro,intoxicacion alimentaria
Agro,politica alimentaria
Agro,elaboracion de alimentos
Agro,produccion de alimentos
Agro,productos alimenticios
Agro,proteinas alimentarias
Agro,raciones alimenticias
Agro,regimen alimentario
Agro,recursos alimenticios
Agro,recursos en alimentos
Agro,servicios alimentarios
Agro,deterioro de alimentos
Agro,almacenamiento de alimentos
Agro,suministro de alimentos
Agro,red alimentaria
Agro,industria de alimentos
Agro,microbiologia de alimentos
Agro,liofilizacion
Agro,congelacion
Agro,tecnologia de alimentos
Transversal,puntos de congelacion
Piscícola,peces de agua dulce
Agro,frutas
Forestal,conservacion forestal
Forestal,cultivo de bosques (operacion)
Agro,hortalizas de fruto
Forestal,productos forestales
Forestal,arboles forestales
Forestal,bosques caducifolios
Forestal,produccion forestal
Forestal,servicios forestales
Forestal,trabajadores forestales
Forestal,bosques
Agro,fruticultura
Agro,frutas de arboles de clima templado
Agro,aditivos de combustibles
Transversal,jardín
Agro,cultivo en huerta
Biotecnología,flujo de genes
Biotecnología,genes
Biotecnología,composición genética
Biotecnología,asesoria genetica
Biotecnología,ingenieria genetica
Biotecnología,erosión genética
Biotecnología,mejora genetica
Biotecnología,intervencion genetica
Biotecnología,recursos genéticos
Biotecnología,organismo genéticamente modificado
Biotecnología,genetica
Transversal,germinación
Agro,producción de granos
Agro,producción de grano
Agro,orujo de uva
Agro,pomelo
Agro,pomelos
Agro,recorte de pasto
Agro,pradera
Agro,manejo de tierras de pastoreo
Transversal,capital verde
Transversal,infraestructura verde
Transversal,revolución verde
Transversal,impuestos verdes
Agro,molienda
Agro,sistemas de control de la tierra
Agro,reguladores del crecimiento
Transversal,guayaba
Transversal,guayabas
Transversal,guayule
Transversal,cobayas
Transversal,conectividad del hábitat
Transversal,funciones del ecosistema del hábitat
Transversal,servicio de hábitat
Transversal,madera dura
Transversal,cosecha
Transversal,cosecha
Agro,comida sana
Transversal,cañamo
Transversal,fibra de cañamo
Transversal,hierbas
Transversal,heterocigosidad
Transversal,homogeneizacion
Energía,recursos energeticos
Energía,metabolismo energetico
Energía,fuentes de energia
Transversal,homopolimeros
Transversal,miel de abeja
Transversal,foco de endemismo
Transversal,genetica humana
Forestal,trópicos húmedos
Transversal,humificación
Transversal,ciclo hidrologico
Transversal,hidrólogo
Transversal,hidrolisis
Transversal,importantes áreas de aves y biodiversidad
Transversal,productos mejorados
Transversal,tecnologia ambiental
Transversal,conservación in situ de la biodiversidad
Transversal,áreas conservadas por comunidades indígenas y comunitarias.
Turismo,conocimiento indígena
Transversal,simbiosis industrial
Transversal,infauna
Transversal,insecto
Transversal,insectos
Biotecnología,biorrefinería integrada
Transversal,gestión integrada del paisaje
Transversal,interferon
Transversal,invertebrados
Transversal,investigacion y desarrollo
Transversal,iroko
Transversal,isomerizacion
Transversal,área clave de biodiversidad
Transversal,especie clave
Transversal,laboratorios
Transversal,prototipos de laboratorio
Transversal,ensayos de laboratorio
Transversal,cobertura terrestre
Transversal,transformación de la tierra
Transversal,uso de la tierra
Transversal,uso de las tierras
Transversal,cambio de uso de suelo
Transversal,intensificación del uso de la tierra
Transversal,servicios de utilizacion del suelo
Transversal,valor de la tierra
Transversal,diseño del paisaje
Transversal,funcionamiento del paisaje
Transversal,heterogeneidad del paisaje
Transversal,protección del paisaje
Forestal,zonas forestales
Transversal,proteccion del paisaje
Transversal,enfoque socioecológico del paisaje
Transversal,operaciones a gran escala
Transversal,caucho de latex
Agro,cosechas de frutas
Forestal,plantas taniferas
Forestal,bosques de plantaciones
Transversal,lixiviación
Forestal,cobertura vegetal perenne
Agro,hortalizas leguminosas
Agro,legumbres
Agro,leguminosas
Agro,limones
Agro,liquenes
Transversal,ciclo de vida
Agro,cosechas de oleaginosas
Agro,cosechas de semillas oleaginosas
Transversal,aceite de linaza
Transversal,lipidos
Agro,ganado
Agro,mejora del ganado
Agro,estiércol de ganado
Agro,laboratorio viviente
Transversal,laboratorio viviente
Transversal,organismos vivos
Transversal,comunidad local
Transversal,conocimiento ecológico local
Agro,suelos organicos
Transversal,economías locales
Agro,comida local
Forestal,tablas de madera
Transversal,laboratorio viviente
Transversal,macromoleculas
Transversal,integración de la biodiversidad
Agro,maíz
Transversal,polinizador manejado
Transversal,manejo de especies silvestres
Agro,mandarino
Agro,mango
Agro,mangos
Agro,arce
Piscícola,alga marina
Piscícola,acuicultura marina
Piscícola,biología marina
Piscícola,biologia marina
Piscícola,ecosistema marino
Piscícola,medio ambiente marino
Piscícola,pez marino
Piscícola,peces marinos
Piscícola,recursos marinos
Transversal,espectrometros de masas
Transversal,abundancia media de especies
Forestal,cobertura vegetal permanente
Forestal,plantacion
Transversal,países megadiversos
Transversal,país megadiverso
Transversal,actividad metabólica
Transversal,microalgas
Transversal,microhábitats
Transversal,microalga
Transversal,microbios
Transversal,biomasa microbiana
Transversal,genetica microbiana
Transversal,microbiocombustible
Transversal,microbiologia
Transversal,microquimica
Transversal,micronutrientes
Biotecnología,cultivo mixto
Biotecnología,biologia molecular
Biotecnología,espectros moleculares
Biotecnología,espectroscopia molecular
Transversal,moleculas
Transversal,moluscos
Transversal,paisaje multifuncional
Transversal,champiñón
Biotecnología,mutagenesis
Transversal,sistema multiusos
Transversal,micologia
Transversal,micoplasma
Transversal,mixobacterias
Transversal,raza nativa
Transversal,polinizador nativo
Transversal,especies nativas
Transversal,zonas naturales
Transversal,cuentas de capital natural
Transversal,capital natural
Transversal,medio ambiente natural
Transversal,medio natural
Transversal,abono natural
Transversal,hábitat natural
Transversal,amenaza natural
Transversal,historia natural
Transversal,servicios de recursos naturales
Transversal,recursos naturales
Transversal,caucho natural
Transversal,ciencias naturales
Transversal,ciencias naturales
Residuos,residuos organicos
Transversal,selección natural
Transversal,naturaleza
Transversal,conservacion de la naturaleza
Transversal,recreación basada en la naturaleza
Transversal,contribuciones de la naturaleza a las personas
Transversal,producción neta de bioma
Transversal,producción neta del ecosistema
Transversal,impacto positivo neto (npi)
Transversal,valor presente neto
Transversal,producción primaria neta
Agro,cosecha no letal
Transversal,valoración no monetaria
Transversal,recurso no maderable
Transversal,acidos nucleicos
Transversal,nucleoproteinas
Transversal,nucleosidos
Transversal,nucleotidos
Transversal,disponibilidad de nutrientes
Transversal,recuperación de nutrientes
Transversal,nutriente
Transversal,fibras de nylon
Transversal,resinas de nylon
Transversal,roble
Transversal,avena
Transversal,avena
Piscícola,oceanografia
Forestal,plantación de árboles
Transversal,aceites
Transversal,semillas oleaginosas
Transversal,olivo
Transversal,aceituna
Transversal,aceite de oliva
Transversal,hueso de olivo
Transversal,uno de bioseguridad
Transversal,una salud
Transversal,naranjo (arbol)
Transversal,naranjas
Transversal,compuestos organicos de amonio
Transversal,anhidridos organicos
Agro,cultivo de temporada
Transversal,compuestos organicos de arsenico
Transversal,azidas organicas
Agro,bioquimica del suelo
Agro,biologia de suelos
Agro,quimica del suelo
Agro,clasificacion de suelos
Transversal,compuestos organicos de boro
Transversal,compuestos organicos de bromo
Transversal,productos quimicos organicos
Forestal,reforestacion
Transversal,quimica organica
Transversal,compuestos organicos
Agro,fertilizantes organicos
Agro,alimentos orgánicos
Agro,horticultura orgánica
Transversal,insumos orgánicos
Transversal,materia orgánica
Piscícola,plantas acuáticas
Transversal,ornitología
Transversal,material para techos al aire libre
Transversal,cáscara de almendra de palma
Transversal,aceite de palma
Transversal,papayo (arbol)
Transversal,papayas
Transversal,gobernanza participativa
Transversal,abono
Transversal,restauración pasiva
Transversal,pago por servicios ecosistémicos
Transversal,mani
Piscícola,plantas acuaticas
Transversal,aceite de mani
Transversal,turba
Transversal,turbera
Transversal,combustible de pellets
Transversal,estufa de pellets
Transversal,peptidos
Agro,cosechas azucareras
Transversal,propagación de plantas
Transversal,anatomia vegetal
Biotecnología,desarrollo biotecnologico
Transversal,ecologia vegetal
Agro,agricultura tropical
Forestal,bosques tropicales
Transversal,fenología
Transversal,diversidad filogenética
Biotecnología,innovaciones biotecnologicas
Biotecnología,potencial biotecnologico
Agro,cosechas de hortalizas
Biotecnología,investigacion biotecnologica
Biotecnología,revolucion biotecnologica
Transversal,endemismo filogenético
Transversal,bioquimica fisica
Transversal,medio ambiente fisico
Biotecnología,tendencias biotecnologicas
Transversal,fitogenetica
Transversal,fitogenia
Transversal,fitoplancton
Agro,granja de cerdos
Residuos,estiércol de cerdo
Transversal,pigmentacion
Transversal,pigmentos
Agro,granjas piloto
Transversal,crecimiento de las plantas
Transversal,disposicion de la planta
Transversal,sistema de apareamiento de plantas
Forestal,pino
Agro,piñas
Agro,cosechas de tuberculos
Piscícola,piscicultura
Transversal,límites planetarios
Transversal,biodiversidad planificada
Transversal,producto vegetal
Transversal,proteccion de las plantas
Transversal,reproduccion de las plantas
Transversal,recursos vegetales
Transversal,raíz de la planta
Transversal,transpiración vegetal
Transversal,virus vegetales
Agro,agronegocios
Agro,agroalimentaria
Agro,agroalimentario
Agro,cadena agroalimentaria
Agro,industria agroalimentaria
Transversal,red planta-polinizador
Agro,agrícola
Agro,industria agrícola
Agro,tierra agricola
Agro,producción de agricultura
Agro,productividad agrícola
Agro,investigación agrícola
Agro,residuos agrícolas
Agro,excedente agrícola
Agro,sostenibilidad agrícola
Agro,cadena de valor agrícola
Agro,residuos agrícolas
Agro,industria agrícola
Agro,producto agrícola
Agro,cadena agroalimentaria
Agro,industria agroalimentaria
Agro,agrotecnológico
Agro,sector agroindustrial
Agro,agrobiodiversidad
Agro,agrobiomasa
Agro,agroecológico
Agro,agroecología
Agro,agroalimentos
Agro,residuos agroalimentarios
Agro,material de embalaje para la conversión de residuos agroalimentarios
Agro,sector agroalimentario
Forestal,agrosilvicultura
Agro,sector agroindustrial
Residuos,residuos agroindustriales
Agro,agrobiomasa
Agro,agroecológico
Agro,agroalimentos
Transversal,plantas de raiz
Agro,material de embalaje para la conversión de residuos agroalimentarios
Agro,sector agroalimentario
Residuos,residuos agroindustriales
Transversal,plantas estimulantes
Transversal,plantas
Transversal,diversidad genética vegetal
Residuos,desecho animal
Transversal,biodiversidad vegetal
Transversal,biología vegetal
Transversal,bioquímica vegetal
Transversal,control biológico de enfermedades de las plantas.
Transversal,ecología vegetal
Transversal,sistemática vegetal
Transversal,mejoramiento vegetal participativo
Transversal,diversidad de plantas de pastizales
Transversal,plantas aromaticas
Residuos,eliminacion de residuos
Transversal,plantas latiferas
Agro,polinización
Transversal,efectividad de la polinización
Transversal,eficiencia de polinización
Transversal,red de polinización
Transversal,servicio de polinización
Agro,polinizador
Transversal,disminución de polinizadores
Transversal,dependencia de polinizadores
Agro,policultivo
Agro,patatas
Agro,papas
Agro,cría de precisión
Transversal,ciclo de vida del producto
Turismo,área protegida
Energía,bioenergía
Energía,producción de bioenergía
Transversal,desnaturalizacion de proteinas
Transversal,metabolismo de las proteinas
Agro,alimentos ricos en proteinas
Transversal,proteinas
Transversal,planta de celulosa
Biotecnología,pirólisis
Transversal,control de calidad
Transversal,calidad de vida
Transversal,centros de i+d
Transversal,fondos de i+d
Transversal,institutos de i+d
Transversal,laboratorios de i+d
Transversal,gestion de la i+d
Transversal,objetivos de la i+d
Transversal,oferta de i+d
Transversal,sitio ramsar
Transversal,materias primas
Transversal,cinetica de reaccion
Transversal,genes recesivos
Transversal,reacciones de recombinacion
Transversal,reciclaje
Forestal,redd-plus
Forestal,redd+
Transversal,tala de impacto reducido
Agro,labranza reducida
Transversal,refinando
Transversal,refrigeracion
Transversal,economía regional
Transversal,recursos renovables
Transversal,reptil
Transversal,reptiles
Transversal,laboratorios de investigacion
Transversal,investigadores
Residuos,biorresiduos
Transversal,resinas
Transversal,recuperación de recursos
Transversal,conservación de recursos
Transversal,aprovechamiento de recursos
Transversal,evaluación de recursos
Transversal,exploración de recursos
Transversal,gestión de recursos
Forestal,restauración
Agro,arroz
Agro,arroz
Agro,cáscara de arroz
Agro,paja de arroz
Agro,rendimiento del arroz
Transversal,río
Transversal,rios
Energía,producción de bioenergía
Transversal,virus rna
Transversal,planta medicinal
Forestal,madera redonda
Forestal,madera de caucho
Transversal,cauchos
Transversal,rural
Transversal,área rural
Transversal,economía rural
Transversal,ingenieria rural
Transversal,industrias rurales
Transversal,zonas rurales
Agro,centeno
Transversal,sitios naturales sagrados
Transversal,aceite de cartamo
Forestal,aserrín
Transversal,cooperación científica
Transversal,desarrollo científico
Residuos,residuos de biomasa
Transversal,expedición científica
Transversal,expediciones cientificas
Transversal,innovación científica
Transversal,potencial científico
Residuos,tratamiento de residuos
Transversal,científico
Transversal,escorpiones
Residuos,residuos biológicos
Piscícola,pesca maritima
Piscícola,productos del mar
Agro,mariscos
Piscícola,paisaje marino
Transversal,materia prima secundaria
Transversal,césped de sedimentos
Transversal,seleccion de semillas
Transversal,semillas
Transversal,ecosistemas seminaturales
Agro,agronomía circular
Transversal,aceite de sesamo
Transversal,arbusto
Agro,ensilaje
Agro,silvicultura
Agro,silvicultura
Agro,silvopastoralismo
Transversal,aceite de pizarra
Forestal,bosque cerrado
Transversal,resiliencia socioecológica
Forestal,bosque nuboso
Transversal,paisajes de producción socioecológica
Transversal,sistema socioecológico
Transversal,resiliencia socioecológica
Agro,sorgo
Agro,siembra
Agro,soya
Agro,haba de soja
Transversal,especie
Transversal,composición de especies
Transversal,riqueza de especies
Transversal,riqueza de especies
Transversal,gestión basada en especies
Biotecnología,espectrofotometria
Forestal,deforestación
Biotecnología,analisis espectroscopico
Agro,especias
Transversal,arañas
Transversal,esporas
Forestal,abeto
Energía,cultivo energético
Energía,recuperación de energía
Agro,tallo
Agro,paja
Transversal,acidos de azucares
Transversal,alcoholes de azucares
Agro,remolachas azucareras
Agro,caña de azucar
Agro,caña de azúcar
Agro,bagazo de caña de azúcar
Agro,girasol
Agro,aceite de girasol
Transversal,transiciones de sostenibilidad
Forestal,bosque
Forestal,área forestal
Forestal,biodiversidad forestal
Forestal,conversión forestal
Forestal,degradación forestal
Forestal,ecosistema forestal
Forestal,agricultura forestal
Forestal,tierras forestales
Forestal,producto forestal
Forestal,rebrote forestal
Forestal,residuos forestales
Forestal,recurso forestal
Forestal,restauración forestal
Forestal,sector forestal
Forestal,sector forestal
Biotecnología,biorrefinería sostenible
Agro,alimentos sostenibles para animales de granja
Agro,sistemas alimentarios sostenibles
Transversal,intensificación sostenible
Transversal,gestión sostenible de la tierra
Transversal,uso sostenible
Transversal,enfoque sistémico
Agro,mandarinas
Transversal,plantas oleaginosas
Turismo,ecosistema terrestre
Agro,estrategias alimentarias territoriales
Transversal,termodinamica
Biotecnología,conservacion de tejidos
Biotecnología,cultivo de tejidos
Biotecnología,extractos de tejidos
Transversal,tejidos
Agro,tabaco
Transversal,tocoferol
Agro,tomate
Agro,tomates
Biotecnología,torrefacción
Biotecnología,análisis de oligoelementos
Transversal,oligoelemento
Transversal,compensaciones
Transversal,conocimientos tradicionales y locales
Transversal,conocimiento tradicional
Transversal,práctica medicinal tradicional
Transversal,medicina tradicional
Biotecnología,transesterificación
Biotecnología,translocación
Forestal,producto forestal no maderable
Forestal,árbol
Forestal,vivero forestal
Transversal,plantas ornamentales
Forestal,árbol
Forestal,arboles
Transversal,diseño de ensayos
Transversal,tropical
Residuos,residuo orgánico
Transversal,frutas tropicales
Transversal,regiones tropicales
Transversal,zona tropical
Residuos,residuos de papel
Agro,legumbres de tuberculos
Agro,tecnología agrícola
Agro,residuos agroalimentarios
Biotecnología,ultracentrifugacion
Biotecnología,vacunas
Transversal,valorización
Transversal,producto con valor agregado
Residuos,residuos de pulpa
Transversal,cadenas de valor
Forestal,selva
Transversal,valores de la naturaleza
Agro,cultivo de hortalizas (operacion)
Agro,aceite vegetal
Agro,aceites vegetales
Agro,hortalizas
Agro,verduras
Transversal,diseño de plantas piloto
Agro,biologia vegetal
Agro,fibras vegetales
Agro,nutricion vegetal
Agro,vegetación
Agro,mapa de vegetación
Agro,vida vegetativa
Agro,vermicomposta
Transversal,vertebrados
Transversal,enredadera
Transversal,viñedo
Transversal,vacunas de virus
Forestal,nogal
Agro,carbono orgánico del suelo
Agro,propiedades del suelo
Transversal,conservación del agua
Transversal,conservacion del agua
Transversal,eutrofizacion del agua
Transversal,recursos hídricos
Transversal,seguridad hídrica
Transversal,seguridad del agua
Transversal,índice de seguridad hídrica (wsi)
Transversal,humedal
Agro,trigo
Agro,trigo
Agro,paja de trigo
Transversal,polinizador salvaje
Transversal,especies silvestres
Turismo,observación de especies silvestres
Biotecnología,vino
Forestal,madera
Forestal,astillas de madera
Forestal,combustible de madera
Residuos,biomasa residual
Residuos,biorrefinería de residuos
Residuos,reciclaje de residuos
Residuos,valorización de residuos
Forestal,bolita de madera
Forestal,pellets de madera
Transversal,recursos naturales mundiales
Agro,ñames
Agro,batatas
Transversal,levadura
Agro,yuca
Agro,zoologos
Agro,zoologia
Transversal,glicoalcaloides
Salud,anticuerpo vih
Salud,anticuerpo humoral
Salud,anticuerpo ige
Salud,anticuerpo policlonal
Salud,anticuerpo primario
Salud,anticuerpo secundario
Salud,anticuerpo neutralizante del suero
Salud,anticuerpo contra el vih
Salud,antianticuerpo
Salud,anticuerpo contra proteínas no estructurales
Salud,anticuerpo contra pne
Salud,fitoanticuerpo
Biotecnología,antimicrobianos de importancia médica
Transversal,carbunco bacteriano
Transversal,tizón bacteriano del algodón
Transversal,tizón bacteriano de la vid
Transversal,tripéptido glicosilado de micobacterias
Transversal,tripéptido glicosilado de las micobacterias
Salud,técnicas basadas en el uso de biomarcadores
Agro,biopesticida metarhizium
Biotecnología,biorreactor enzimático
Biotecnología,biorreactor de filtro
Biotecnología,biorreactor de bucle
Biotecnología,biorreactor de membrana
Biotecnología,biorreactor de malla
Biotecnología,fotobiorreactor
Biotecnología,biorreactor de tanque
Biotecnología,biorreactor de circulación externa
Biotecnología,biorreactor tipo tanque
Turismo,capacidad de carga disponible
Turismo,capacidad de carga de un pastizal
Turismo,capacidad de carga de un ecosistema
Turismo,capacidad de carga de los pastos
Turismo,capacidad de carga de las tierras
Turismo,capacidad de carga demográfica
Turismo,capacidad de carga ecológica
Turismo,capacidad de carga del ecosistema
Turismo,capacidad de carga física
Turismo,capacidad de carga productiva
Turismo,capacidad de carga de agua de un canal
Biotecnología,cromatografía de afinidad
Biotecnología,cromatografía en fase gaseosa
Biotecnología,cromatografía de columna
Biotecnología,cromatografía de gases
Biotecnología,cromatografía de gases detección de ionización de llama
Transversal,índice de vulnerabilidad ambiental
Agro,índice de producción de alimentos
Agro,índice de variabilidad de la producción de alimentos
Residuos,índice de desperdicio de alimentos
Biotecnología,técnica de expresión de genes antisentido
Biotecnología,terapia génica ex vivo
Biotecnología,terapia génica con células germinales
Biotecnología,terapia genética de línea germinal
Biotecnología,terapia genética humana
Biotecnología,terapia génica in vivo
Biotecnología,terapia génica con células somáticas
Biotecnología,diversidad genética forestal
Biotecnología,diversidad genética dentro de las especies
Biotecnología,diversidad genética intraespecies
Transversal,desarrollo de plantas piloto
Biotecnología,coeficiente de diferenciación genética
Biotecnología,técnicas de ingeniería/modificación genética
Biotecnología,quimera partenogenética
Biotecnología,agrogenómica
Transversal,tecnología de gestión de los recursos hídricos
Transversal,gestión del suministro de los recursos hídricos
Turismo,certificación de construcción sustentable
Biotecnología,ensayo de resistencia a los hongos
Transversal,plantas piloto
Transversal,proteínas g
