keyword,count
análisis de adn,100
3disco,0
native bees,0
abejas nativas,0
aquaculture ponds manuring,0
abonado de estanques de acuicultura,0
absortion,0
absorción,8
essential oils,1
aceites esenciales,0
antioxidant activity,0
actividad antioxidante,0
aquaculture,3
acuicultura,0
aquaculture on aquatic resources,0
acuicultura sobre los recursos acuáticos,0
oncolytic adenovirus,0
adenovirus oncolítico,0
safety management,279
administración de seguridad,707
water management,35
administracion del agua,5
dna,120
adn,392
recombinant dna,0
adn recombinante,0
biocontrol agents,0
agentes de biocontrol,0
amplicon,0
amplicón,0
adsorption,1
adsorción,1
biochemical analysis,0
análisis bioquímico,0
agriculture,225
agricultura,75
development-supported agriculture,1
agricultura apoyada por el desarrollo,0
cellular agriculture,0
agricultura celular,0
conservation agriculture,3
agricultura de conservación,1
precision farming,1
agricultura de precisión,1
rural area agriculture,5
agricultura de zona rural,2
organic farming,125
agricultura ecológica,0
controlled environment agriculture,0
agricultura en ambiente controlado,0
family agriculture,2
agricultura familiar,1
hybrid farming,2
agricultura híbrida,0
smart agriculture,3
agricultura inteligente,4
organic agriculture,1
agricultura orgánica,0
peri-urban agriculture,0
agricultura periurbana,0
zero waste agriculture,0
agricultura sin residuos,0
sustainable agriculture,43
agricultura sostenible,7
urban agriculture,0
agricultura urbana,1
agrifood,2
agroalimentario,10
agrobacterium,0
agrobacteria,0
agrobiodiversity,0
agrobiodiversidad,0
agroecology,3
agroecología,2
agroforestry,3
agroforestería,1
agroinfiltration,0
agroinfiltración,0
agribusiness,60
agronegocios,5
agronomy,86
agronomía,19
coffee wastewater,0
aguas residuales del café,0
alkaloids,0
alcaloides,0
functional foods,0
alimentos funcionales,16
stock raw food materials,0
almacenar materias primas alimentarias,0
dna analysis,48
environment,1
ambiente,1
environmental threats,1
amenazas ambientales,0
phytochemical analysis,0
análisis fitoquímico,0
genetic analysis,0
análisis genético,0
antibacterials,0
antibacterianos,0
environmental analysis,13
análisis ambiental,112
polyclonal antibodies,0
anticuerpos policlonales,0
compositional analysis,0
análisis composicional,0
quantitative analysis,57
análisis cuantitativo,19
antimicrobials,0
antimicrobianos,1
food analysis,345
análisis de alimentos,306
value chains analysis,14
análisis de cadenas de valor,4
cost-effectiveness analysis,40
análisis de costo-efectividad,2
value chain analysis,0
análisis de la cadena de valor,21
policy analysis,137
análisis de políticas,476
crop production analysing,0
análisis de producción de cultivos.,10
social network analysis,2
análisis de redes sociales,117
soil analysis,20
análisis de suelos,32
aptamer,0
aptámero,0
econometric analysis,3
análisis econométrico,0
economics analysis,847
análisis económico,549
statistical analysis,585
análisis estadístico,564
rna,0
arn,0
forestry analysis,4
análisis forestal,8
functional analysis,180
análisis funcional,517
lactic acid bacteria,0
bacterias de ácido láctico,0
microbiological analysis,1
análisis microbiológico,60
microbiological analysis in food,0
análisis microbiológico en alimentos,52
chemical analysis,0
análisis químico,135
bacteriology,52
bacteriología,36
bioactivity,0
bioactividad,0
biocatalysis,0
biocatálisis,0
antibiotics,0
antibióticos,1
antibody,0
anticuerpo,0
monoclonal antibody,0
anticuerpo monoclonal,0
biocontrol,0
biodegradation,0
biodegradación,0
antioxidants,0
antioxidantes,0
natural antioxidants,0
antioxidantes naturales,0
anthocyanins,0
antocianinas,0
apiculture,0
apicultura,0
biostimulation,0
bioestimulación,0
l-ribonucleic acid aptamer,0
aptámero del ácido l-ribonucleico,0
harmony with nature,24
armonía con la naturaleza,2
biofabrication,0
biofabricación,0
biofunctionalisation,0
biofuncionalización,0
archaeobotany,0
arqueobotánica,0
sustainable architecture,4
arquitectura sostenible,0
bacteria,0
bacterias,0
biohydrometallurgy,0
biohidrometalurgia,0
bioinformatics,8
bioinformática,0
bioinstrumentation,0
bioinstrumentación,0
molecular cell biology,0
biología celular molecular,0
nature based,169
basado en la naturaleza,2
ncbi database,0
base de datos ncbi,0
green waste,3
basura orgánica,0
engineering biology,51
biología de la ingeniería,10
ecological goods and services,0
bienes y servicios ecológicos.,0
molecular biology,342
biología molecular,2
plant molecular biology,0
biología molecular vegetal,0
bioacoustics,0
bioacústica,0
biochar,2
biocarbón,0
synthetic biology,1
biología sintética,0
polymeric biomaterials,0
biomateriales poliméricos,0
bioscience,67
biociencia,0
biofuel,0
biocombustible,0
biocompatibility,0
biocompatibilidad,0
bionanotechnology,0
bionanotecnología,0
bioprospecting,0
bioprospección,0
microbial biodegradation,0
biodegradación microbiana,0
biodiesel,0
biodiésel,0
biodigestate,0
biodigestato,0
biodigestates,0
biodigestatos,0
biodiversity,36
biodiversidad,14
agricultural biodiversity,3
biodiversidad agrícola,2
plant biodiversity,0
biodiversidad vegetal,0
bioeconomy,2
bioeconomía,0
bioelectronics,0
bioelectrónica,0
bioenergy,0
bioenergía,0
biostatistics,20
bioestadística,1
bioprospection,0
bioethics,0
bioética,0
bioreactor,1
biorreactor,0
biomanufacturing,0
biopharmaceutical,9
biofarmacéutico,0
biofertilizers,0
biofertilizantes,0
biophysics,0
biofísica,0
biohydrogen,0
biohidrógeno,0
biorefining,0
biorrefinación,0
biorefinery,0
biorrefinería,0
next generation bio-refineries,0
biorrefinerías de próxima generación,0
bioinputs,0
bioinsumos,1
biolegend,0
bioleyenda,0
bioleaching,0
biolixiviación,0
biology,224
biología,53
applied biology,0
biología aplicada,1
bioremediation,0
biorremediación,0
combinatorial biology,0
biología combinatoria,0
computational biology,0
biología computacional,0
conservation biology,6
biología de la conservación,0
biology of aquatic ecology,5
biología de la ecología acuática.,0
environmental bioremediation,0
biorremediación ambiental,0
reproduction biology,1
biología de la reproducción,0
fish biology,0
biología de los peces,0
systems biology,0
biologia de sistemas,4
complex systems biology,0
biología de sistemas complejos,0
soil biology,0
biología del suelo,0
floral biology,0
biología floral,0
forest biology,1
biología forestal,5
fungal biology,0
biología fúngica,0
in situ bioremediation,0
biorremediación in situ,0
microbial molecular biology,0
biología molecular microbiana,0
photonic biosensors,0
biosensores fotónicos,0
reproductive biology,0
biología reproductiva,0
plant reproductive biology,0
biología reproductiva vegetal,0
bioseparation,0
bioseparación,0
plant biology,1
biología vegetal,0
biomagnetics,0
biomagnética,0
biomarker,0
biomarcador,0
biomarkers,0
biomarcadores,0
biomass,3
biomasa,5
biomaterials,1
biomateriales,1
biosurfactant,0
biosurfactante,0
biomechanics,12
biomecánica,5
biomedicine,1
biomedicina,2
biomethane,0
biometano,0
biomimetics,0
biomimética,0
biomimetic,0
biomimético,0
biomimicry,0
biomimetismo,0
environmental biotechnology,0
biotecnología ambiental,1
bionics,0
biónica,1
biopesticide,0
biopesticida,0
microbial biopesticides,0
biopesticidas microbianos,0
biopiracy,0
biopiratería,0
bioplastics,0
bioplásticos,0
biopolymerisation,0
biopolimerización,0
biopolymers,0
biopolímeros,0
bioprocessor,0
bioprocesador,0
bioprocess,0
bioproceso,0
bioproducts,0
bioproductos,1
animal biotechnology,2
biotecnología animal,1
fermentation biotechnology,1
biotecnología de fermentación,0
biochemistry,46
bioquímica,16
analytical biochemistry,0
bioquímica analítica,1
animal biochemistry,0
bioquímica animal,0
protein biochemistry,0
bioquímica de proteínas,1
plant biochemistry,0
bioquímica vegetal,0
biochemicals,0
bioquímicos,0
mushroom biotechnology,0
biotecnología de hongos,0
industrial biotechnology,19
biotecnología industrial,1
algae bioreactor,0
biorreactor de algas,0
plant biotechnology,0
biotecnología vegetal,0
biotransducer,0
biotransductor,0
biotransformation,0
biotransformación,0
biovalorization,0
biovalorización,0
good laboratory practice (glp),0
buenas prácticas de laboratorio (bpl),8
enzymatic catalysis,0
catálisis enzimática,0
biorobotics,0
biorrobótica,0
livestock biosecurity,0
bioseguridad ganadera,0
life sciences,89
ciencias de la vida,194
reaction kinetics,6
cinética de reacción,0
cytogenetics,0
citogenética,0
biosimilar,0
biosynthesis,0
biosíntesis,0
flow cytometry,0
citometría de flujo,0
biotechnology,235
biotecnología,14
agricultural biotechnology,1
biotecnología agrícola,0
cloning,0
clonación,3
molecular cloning,1
clonación molecular,0
in vitro compartmentalization,0
compartimentación in vitro,0
bioactive compounds,0
compuestos bioactivos,0
forest biotechnology,0
biotecnología forestal,0
bacterial conjugation,0
conjugación bacteriana,0
microbial biotechnology,0
biotecnología microbiana,0
biological control,1
control biológico,1
conversion of biomass,0
conversión de biomasa,0
crispr,0
chromatography,44
cromatografía,19
liquid chromatography,0
cromatografía líquida,4
botany,1
botánica,0
good agricultural practices,2
buenas prácticas agrícolas,10
high-performance liquid chromatography (hplc),0
cromatografía líquida de alto rendimiento (hplc),0
supply chain,1
cadena de suministro,342
food quality,96
calidad de la comida,61
water quality,46
calidad del agua,35
aquaculture water quality,1
calidad del agua para la acuicultura,0
callus,0
callo,0
climate change,68
cambio climático,19
cultured meat,0
carne cultivada,0
cell culture,55
cultivo de células,0
fertiliser catalysts,0
catalizadores de fertilizantes,0
microbial electrolysis cell,0
celda de electrólisis microbiana,0
adult stem cell,0
célula madre adulta,0
stem cells,1
células madre,1
embryonic stem cell,0
células madre embrionarias,0
induced stem cells,0
células madre inducidas,0
coal ash,0
ceniza de carbón,3
wood ash,0
ceniza de madera,0
sustainable certification,41
certificación sostenible,36
bacterial cell culture,0
cultivo de células bacterianas,0
axenic culture,0
cultura axénica,0
biomedical science,1
ciencia biomedica,0
biomaterial science,0
ciencia de biomateriales,0
food science,112
ciencia de los alimentos,8
medical science,21
ciencia médica,29
botanical data,0
datos botánicos,0
molecular diagnostics,1
diagnóstico molecular,0
circularity,2
circularidad,2
circles of sustainability,0
círculos de sostenibilidad,0
molecular dynamics,0
dinámica molecular,0
bioreactor design,0
diseño de biorreactor,0
cytotoxicity,0
citotoxicidad,0
rational design,5
diseño racional,7
genetic diversity,178
diversidad genetica,37
ecobiotechnology,0
ecobiotecnología,0
2 base encoding,0
codificación de 2 bases,9
behavioral ecology,0
ecología del comportamiento,0
phytoplankton ecology,0
ecología del fitoplancton,0
biodiesel fuel,0
combustible biodiésel,0
carbon-neutral fuel,2
combustible neutro en carbono,0
functional food,58
comida funcional,0
fishfood,0
comida para pez,0
bio-based economy,0
economía de base biológica,0
food products composition,0
composición de productos alimenticios.,0
chemical composition of sugar,0
composición química del azúcar.,0
compost,2
choice editing,6
edición de elección,0
biological computing,0
computación biológica,0
sustainable community,93
comunidad sostenible,22
gene editing,0
edición de genes,0
crispr gene editing,0
edición de genes crispr,0
antibody-drug conjugate,0
conjugado anticuerpo-fármaco,0
antibody-oligonucleotide conjugate,0
conjugado anticuerpo-oligonucleótido,0
conservation,31
conservación,139
biological conservation,0
conservación biológica,0
forest conservation,0
conservación de bosques,5
crop conserving,0
conservación de cultivos,2
biodiversity conservation,18
conservación de la biodiversidad,10
food preservation,4
conservación de los alimentos,26
natural resources conservation,4
conservación de recursos naturales,1
wildlife conservation,4
conservacion de vida salvaje,0
soil conservation,0
conservacion del suelo,2
soil and water conservation,0
conservación del suelo y el agua,0
nature conservation,14
conservación natural,6
genome editing,0
edición del genoma,0
sustainable construction,0
construcción sostenible,60
green consumption,0
consumo verde,2
environmental pollution,5
contaminación ambiental,4
prime editing,2
edición principal,7
biological control of plant diseases,0
control biológico de enfermedades de las plantas.,0
process control,269
control de procesos,836
biomass conversion,0
green building,23
edificio verde,0
michigan life sciences corridor,0
corredor de ciencias biológicas de michigan,0
plant harvesting,0
cosecha de plantas,1
clean growth,217
crecimiento limpio,82
animal breeding,0
cría de animales,0
mutation breeding,0
cría por mutación,0
selective breeding,0
crianza selectiva,0
induced-charge electrokinetics,0
electrocinética de carga inducida,0
electrophoresis,0
electroforesis,0
gel electrophoresis,85
electroforesis en gel,0
electroporation,0
electroporación,0
inclusion bodies,6
cuerpos de inclusión,0
conservation issues,34
cuestiones de conservación,0
cultivate crops for biomass,0
cultivar cultivos para biomasa.,0
grow crops for biomass,0
somatic embryogenesis,0
embriogénesis somática,0
3d cell culturing by magnetic levitation,0
cultivo de células 3d por levitación magnética,0
impalefection,0
empalamiento,0
maggot farming,0
cultivo de gusanos,0
microbial culture,0
cultivo microbiano,0
crop growing for biomass,0
cultivo para biomasa,0
microbial food cultures,0
cultivos alimentarios microbianos.,0
industrial crops,2
cultivos industriales,1
genetically modified crops,0
cultivos modificados genéticamente,0
crops growing for biomass,0
cultivos para biomasa,0
in vitro assays,0
ensayos in vitro,0
in vivo assays,0
ensayos in vivo,0
restriction enzyme,0
enzima restrictiva,0
biobased,0
de base biológica,0
dendrosome,0
dendrosoma,0
enzymes,0
enzimas,0
develop agricultural policies,7
desarrollar políticas agrícolas,1
enzymology,0
enzimología,0
agricultural development,87
desarrollo agrícola,26
biopesticide development,0
desarrollo de bioplaguicidas,0
bioprocess development,1
desarrollo de bioprocesos,0
bioproduct development,0
desarrollo de bioproductos,1
bioproducts development,0
eco-industrial development,6
desarrollo ecoindustrial,0
ecologically sustainable development,0
desarrollo ecológicamente sostenible,0
sustainable economic development,15
desarrollo económico sostenible,20
pharmaceutical development,1
desarrollo farmaceutico,350
regional development,82
desarrollo regional,200
sustainable regional development,10
desarrollo regional sostenible,19
rural development,60
desarrollo rural,13
sustainable rural development,4
desarrollo rural sostenible,7
systemic development,19
desarrollo sistémico,6
sustainable development,126
desarrollo sostenible,279
fragment-based lead discovery,0
descubrimiento de clientes potenciales basado en fragmentos,0
food waste,7
desechos alimentarios,0
marine debris,0
desechos marinos,0
food loss waste,0
desperdicio de comida,0
silk waste,0
desperdicios de seda,0
distillation,2
destilación,2
determine process optimisation,0
determinar la optimización del proceso.,3
greenhouse debt,1
deuda de efecto invernadero,0
epigenomics,0
epigenómica,0
anaerobic digestion,0
digestión anaeróbica,0
anaerobic digester,0
digestor anaeróbico,0
pilot scale,18
escala piloto,0
structural dynamics,0
dinámica estructural,0
spectrometry,0
espectrometría,3
mass spectrometry,16
espectrometría de masas,0
engineering design,985
diseño de ingeniería,728
product design,1
diseño de producto,158
design biomass system,0
diseño de sistema de biomasa.,0
protein mass spectrometry,0
espectrometría de masas de proteínas,0
algal diversity,0
diversidad de algas,0
diversity of ecosystems,32
diversidad de ecosistemas,3
species diversity,0
diversidad de especies,0
ethnobotany,0
etnobotánica,0
microbial diversity,0
diversidad microbiana,0
crop diversification,3
diversificación de cultivos,1
environmental impact assessment,68
evaluación de impacto ambiental,4
duocarmycin,0
duocarmicina,0
protein expression,0
expresión de proteínas,0
ecology,152
ecología,11
aquatic ecology,4
ecología acuática,0
community ecology,0
ecología comunitaria,0
ecosystem ecology,0
ecología de ecosistemas,1
fungal ecology,0
ecología de hongos,0
conservation ecology,1
ecología de la conservación,0
fish ecology,0
ecología de peces,0
recombinant protein expression,0
expresión de proteínas recombinantes,0
heterologous expression,0
expresión heteróloga,0
forest ecology,0
ecología forestal,4
microbial ecology,0
ecología microbiana,0
plant ecology,0
ecología vegetal,0
applied econometrics,0
econometría aplicada,0
agricultural economics,1
economía agrícola,10
applied economics,5
economía aplicada,0
low-carbon economy,1
economía baja en carbono,1
circular economy,9
economía circular,12
extraction,61
extracción,92
economics of agriculture,12
economía de la agricultura,4
ecological economics,0
economía ecológica,0
extracting fatty acid,0
extracción de ácidos grasos,0
ecourbanism,0
ecourbanismo,0
dna extraction,68
extracción de adn,0
extraction of bioactive compounds,0
extracción de compuestos bioactivos,0
extract fatty acid,0
extraer ácido graso,0
leaper gene editing,0
edición del gen leaper,0
extremophiles,0
extremófilos,0
fermentation,3
fermentación,1
lab scale fermentation,0
fermentación a escala de laboratorio,0
production scale fermentation,0
fermentación a escala de producción.,0
rebound effect in conservation,0
efecto rebote en la conservación,0
energy efficiency,95
eficiencia energética,36
livestock efficiency,0
eficiencia ganadera,0
yeast fermentation,1
fermentación de levadura,1
soil improvement,1
el mejoramiento del suelo,0
sustainable tourism,3
el turismo sostenible,3
waste management processes devising,0
elaboración de procesos de gestión de residuos.,3
solid state fermentation,0
fermentación en estado sólido,0
industrial fermentation,1
fermentación industrial,0
phytochemistry,0
fitoquímica,0
electrohydrogenesis,0
electrohidrogénesis,0
electromethanogenesis,0
electrometanogénesis,0
phytoremediation,0
fitorremediación,0
microbial electrosynthesis,0
electrosíntesis microbiana,0
feed formulation,1
formulación de piensos,0
biochemical waste disposal,0
eliminación de residuos bioquímicos,0
phosphoproteomics,0
fosfoproteómica,0
net-carbon zero emission,0
emisiones netas de carbono cero,4
photobiology,0
fotobiología,0
green jobs,56
empleos verdes,0
photophysics,0
fotofísica,0
photosynthesis,0
fotosíntesis,0
intron-encoded endonuclease i-scei,0
endonucleasa i-scei codificada por intrón,0
biogas energy,1
energía de biogás,1
clean energy,14
energia limpia,14
energy for sustainable development,0
energía para el desarrollo sostenible,31
sustainable energy,48
energía sostenible,68
fungiculture,0
fungicultura,0
somatic fusion,0
fusión somática,0
genetics,164
genética,68
quantitative genetics,0
genética cuantitativa,0
entomology,0
entomología,0
agricultural entomology,0
entomología agrícola,0
fungal genetics,0
genética de hongos,0
population genetics,0
genética de poblaciones,6
intracellular delivery,0
entrega intracelular,0
rice genetics,0
genética del arroz,0
molecular genetics,1
genética molecular,0
plant genetics,0
genética vegetal,0
genomics,2
genómica,0
genotyping,0
genotipado,0
genotyping by sequencing,0
genotipado por secuenciación,0
enzymatic hydrolysis,0
hidrólisis encimática,0
filamentous fungi,0
hongos filamentosos,0
molecular identification,0
identificación molecular,0
scientific writing,35
escritura científica,0
electromagnetic spectrum,0
espectro electromagnético,0
spectrophotometry,6
espectrofotometría,3
biomolecular engineering,0
ingeniería biomolecular,0
biochemical engineering,2
ingeniería bioquímica,5
biotechnological engineering,0
ingeniería biotecnológica,0
spectroscopy,26
espectroscopia,1
agricultural statistics,0
estadísticas agrícolas,0
sustainability standards and certification,11
estándares y certificación de sostenibilidad.,3
aquaculture ponds,0
estanques de acuicultura,0
manure aquaculture ponds,0
estanques de acuicultura con estiércol,0
pond manuring in aquaculture,0
estiércol de estanques en acuicultura,0
macro-regional strategy,2
estrategia macrorregional,0
aquaculture strategies developing,1
estrategias de acuicultura en desarrollo,0
irrigation strategies,2
estrategias de riego,1
strategies for aquaculture,1
estrategias para la acuicultura,0
biomaterial engineering,0
ingeniería de biomateriales,1
protein structure,0
estructura de la proteína,0
protein engineering,0
ingeniería de proteínas,0
feasibility study on biogas energy,0
estudio de viabilidad sobre la energía del biogás,0
environmental studies,15
estudios ambientales,18
biochemical reaction engineering,0
ingeniería de reacción bioquímica,0
genetic engineering,24
ingeniería genética,16
impact assessment,30
evaluación de impacto,81
metabolic engineering,0
ingeniería metabólica,0
biodiversity assessment,5
evaluación de la biodiversidad,4
growth rate assessing of cultivated fish species,0
evaluación de la tasa de crecimiento de especies de peces cultivadas.,0
assessing fish samples for diagnosis,0
evaluación de muestras de peces para diagnóstico.,0
life cycle assessment,3
evaluación del ciclo de vida,27
feeding behaviour of larvae assessing,0
evaluación del comportamiento alimentario de las larvas.,0
aquaculture environmental impact assessing,1
evaluación del impacto ambiental de la acuicultura,0
assess system performance,44
evaluar el rendimiento del sistema,8
assess production costs,1
evaluar los costos de producción.,11
biological inoculants,0
inoculantes biológicos,0
gene expression,0
la expresion genica,0
lipidomics,0
lipidómica,0
lipoproteins,0
lipoproteínas,0
mammals,1
mamíferos,0
molecular markers,1
marcadores moleculares,1
environmental friendly materials,1
materiales amigables con el medio ambiente,0
nanostructured materials,0
materiales nanoestructurados,0
polymeric materials,0
materiales poliméricos,1
molecular plant breeding,0
mejoramiento de plantas moleculares,0
molecular breeding,0
mejoramiento molecular,0
pharmaceutics,817
farmacia,558
pharmacokinetics,0
farmacocinética,0
pharmacogenetics,0
farmacogenética,0
pharmacogenomics,0
farmacogenómica,0
pharmacognosy,0
farmacognosia,0
plant breeding,0
mejoramiento vegetal,0
secondary metabolites,0
metabolitos secundarios,0
metabolomics,0
metabolómica,0
metagenomics,0
metagenómica,0
mycoremediation,0
micoremediación,0
general microbiology,11
microbiología general,4
molecular microbiology,0
microbiología molecular,0
microbial fermentation,0
fermentación microbiana,0
fertility of soil,4
fertilidad del suelo,0
soil fertility,9
fertilizers,33
fertilizantes,28
microfluidics,0
microfluidos,0
phycotechnology,0
ficotecnología,0
blended finance,7
finanzas mixtas,2
digital microfluidics,0
microfluidos digitales,0
microinjection,0
microinyección,0
phytotechnology,0
fitotecnología,0
flavonoids,0
flavonoides,0
microorganisms,0
microorganismos,2
microcarrier,0
microportador,0
pharmaceutical formulation,5
formulación farmacéutica,15
micropropagation,0
micropropagación,0
fluorescence microscopy,1
microscopio fluorescente,0
kinetic modeling,0
modelado cinético,0
nanobiotechnology,0
nanobiotecnología,0
nanoscience,0
nanociencia,0
nanofabrication,0
nanofabricación,0
nanomaterials,2
nanomateriales,0
nanoneuronics,0
nanoneurónica,0
animal genetics,0
genética animal,0
nanoparticles,0
nanopartículas,0
nanotechnology,3
nanotecnología,1
omics,0
ómicas,3
ngos,69
ong,40
pcr,140
polymers,27
polímeros,9
genexpert infinity,0
genexperto infinito,0
biodegradable polymers,0
polímeros biodegradables,0
protein precipitation,0
precipitación de proteínas,0
animal genomics,0
genómica animal,0
enzymatic preparation,0
preparación enzimática,0
probiotics,0
probióticos,0
drying procedures,1
procedimientos de secado,4
upstream processing,2
procesamiento ascendente,0
environmental management,68
gestión ambiental,162
forest management,7
gestión de bosques,8
engineering management,736
gestión de ingeniería,1
supply chain management,1
gestión de la cadena de suministro,110
quality management,1
gestión de la calidad,845
innovation management,159
gestión de la innovación,298
production management,205
gestión de la producción,161
sustainability management,180
gestión de la sostenibilidad,114
laboratory management,27
gestión de laboratorio,154
nutrient management,1
gestión de nutrientes,2
water resources management,8
gestión de recursos hídricos,1
natural resource management,15
gestión de recursos naturales,9
managing waste,9
gestión de residuos,82
waste management,9
sustainable supply management,0
gestión de suministros sostenibles,3
yield management,68
gestión del rendimiento,466
fishery management,0
gestión pesquera,1
fish harvest methods,0
métodos de captura de peces,0
sustainable management,66
gestión sostenible,181
sustainable management of resources,16
gestión sostenible de los recursos.,39
manage fishery using biological knowledge,0
gestionar la pesca utilizando el conocimiento biológico,0
environmental governance,32
gobernanza ambiental,5
healthy farm,2
granja saludable,0
laboratory skills,943
habilidades de laboratorio,65
herpetology,0
herpetología,0
downstream processing,2
procesamiento en bajada,0
enzymatic processing,0
procesamiento enzimático,0
fungi,0
hongos,1
enzyme processing,0
horticulture,1
horticultura,0
product environmental footprint,0
huella ambiental del producto,1
fermentation process,1
proceso de fermentación,0
biochemical processes,0
procesos bioquímicos,0
identify the environmental impact of specific aquaculture activity,0
identificar el impacto ambiental de una actividad acuícola específica.,0
identifying the impact of specific aquaculture activity,0
identificar el impacto de una actividad acuícola específica,0
identifying characteristics of crops,0
identificar las características de los cultivos.,1
protein production,2
producción de proteínas,1
global warming impact,0
impacto del calentamiento global,0
environmental impact,126
impacto medioambiental,7
biochemical products,0
productos bioquímicos,0
sustainable industries,0
industrias sustentables,1
reporting harvested fish production,0
informar la producción de pescado cosechado,0
sustainability reporting,34
informes de sostenibilidad,45
host cell protein,0
proteína de la célula huésped,0
single-cell protein,0
proteína unicelular,0
recombinant proteins,0
proteínas recombinantes,0
wastewater engineering,7
ingeniería de aguas residuales,5
food engineering,128
ingeniería de alimentos,353
proteomics,0
proteómica,0
bioprocess engineering,396
ingeniería de bioprocesos,0
bioproducts engineering,0
ingeniería de bioproductos,1
design engineering,1
ingeniería de diseño,793
production engineering,197
ingeniería de producción,373
product engineering,709
ingeniería de producto,192
biomaterials testing,0
pruebas de biomateriales,0
genomic testing,0
pruebas genómicas,1
tissue engineering,0
ingeniería de tejidos,1
protein purification,6
purificación de proteínas,0
bioinorganic chemistry,0
química bioinorgánica,0
chemical engineering,221
ingeniería química,163
polymerase chain reaction,0
reacción en cadena de la polimerasa,0
immunoscreening,0
inmunodetección,0
cancer immunotherapy,0
inmunoterapia contra el cáncer,0
business innovation,655
innovación empresarial,1
polymerase chain reaction (pcr),0
reacción en cadena de la polimerasa (pcr),0
biogas installations,0
instalaciones de biogás,0
biomass installations,0
instalaciones de biomasa,0
biomedical instrumentation,0
instrumentación biomédica,2
analytical chemistry instrumentation,1
instrumentación de química analítica,1
sustainable intensification,0
intensificación sostenible,0
reverse transcription polymerase chain reaction,0
reacción en cadena de la polimerasa con transcripción inversa,0
real-time polymerase chain reaction (qpcr),0
reacción en cadena de la polimerasa en tiempo real (qpcr),0
microbial interactions,0
interacciones microbianas,0
strategic sustainable investing,1
inversión estratégica sostenible,3
rural investment,2
inversión rural,4
investigation,430
investigación,755
laboratory investigation,15
investigación de laboratorio,32
rural research,187
investigación rural,3
research and development,464
investigación y desarrollo,234
biochemical reactors,0
reactores bioquímicos,0
operations management,1
jefe de operaciones,180
dna sequencing,0
secuenciación del adn,0
genome sequencing,1
secuenciación del genoma,0
food production,16
la producción de alimentos,829
crop production,128
la producción de cultivos,65
crop rotation,0
la rotación de cultivos,0
medical laboratory,2
laboratorio médico,25
sonoporation,0
sonoporación,0
sustainable tillage,0
labranza sostenible,0
subcloning,0
subclonación,0
basic molecular biology techniques,0
técnicas básicas de biología molecular,0
biotechnological techniques,0
técnicas biotecnológicas,0
molecular biological techniques,0
técnicas de biología molecular,1
laboratory-based techniques,0
técnicas de laboratorio,69
in vitro techniques,1
técnicas in vitro,0
fermentation technology,0
tecnología de fermentación,0
assisted reproductive technology,0
tecnología de reproducción asistida,0
post harvest technology,0
tecnología poscosecha,0
rna therapeutics,0
terapéutica de arn,0
bacterial therapy,0
terapia bacteriana,0
nucleic acid thermodynamics,0
termodinámica del ácido nucleico.,0
transcriptomics,4
transcriptómica,0
single-cell transcriptomics,0
transcriptómica unicelular,0
transfection,0
transfección,0
transfer dna,6
transferir adn,0
transposon,0
transposón,0
biocatalytic processes,0
usando procesos biocatalíticos,0
expression vector,0
vector de expresión,0
coal slurry,0
lodo de carbón,0
farming methods,0
los métodos de cultivo,2
macroeconomics,9
macroeconómica,3
xenobiology,0
xenobiología,0
crop management,8
manejo de cultivos,32
handling biochemical wastes,0
manejo de desechos bioquímicos,0
health management,225
manejo de la salud,250
sustainable forest management,1
manejo forestal sostenible,2
livestock management,2
manejo ganadero,1
integrated disease management,0
manejo integrado de enfermedades,1
integrated pest management,12
manejo integrado de plagas,14
equipment maintenance,737
mantenimiento de equipo,1
aquaculture pond maintaining,0
mantenimiento de estanques de acuicultura,0
biogas plant maintaining,0
mantenimiento de plantas de biogás.,0
sequencing,14
secuenciación,0
hachimoji dna,0
adn de hachimoji,0
dna ligase,0
adn ligasa,0
bioinstructive material,0
material bioinstructivo,0
recombinase polymerase amplification,0
amplificación de la recombinasa polimerasa,0
helicase-dependent amplification,0
amplificación dependiente de helicasa,0
ribosomal intergenic spacer analysis,0
análisis del espaciador intergénico ribosómico.,0
matlab,1
analyse cell cultures,0
analizar cultivos celulares.,0
photo-reactive amino acid analog,0
análogo de aminoácido fotorreactivo,0
starch production mechanisms,0
mecanismos de producción de almidón.,0
specialty drugs,0
medicamentos especializados,14
precision medicine,0
medicina de precisión,15
personalized medicine,6
medicina personalizada,2
living medicine,2
medicina viva,12
sustainability measurement,9
medición de la sostenibilidad,12
forestry measurements,0
mediciones forestales,0
long non-coding rna,0
arn largo no codificante,0
biogas meter,0
medidor de biogás,0
operating biogas meter,0
medidor de biogás en funcionamiento,0
sustainable livelihood,2
medios de vida sostenibles,49
tumor-homing bacteria,0
bacterias que se dirigen a los tumores,0
optimization,944
mejoramiento,468
dna-encoded chemical library,0
biblioteca química codificada por adn,0
biochip,0
moss bioreactor,0
biorreactor de musgo,0
energy market,3
mercado energético,19
sustainable markets,77
mercados sostenibles,21
fluorescent glucose biosensor,0
biosensor de glucosa fluorescente,0
chem-seq,0
metagenics,0
metagénica,0
chip sequencing,0
chip-seq,0
sustainable development goals,20
metas de desarrollo sostenible,73
plant harvest methods,0
métodos de cosecha de plantas.,0
ta cloning,0
clonación ta,0
microbiological methods,0
métodos microbiológicos,8
sustainable metrics,1
métricas sostenibles,7
environmental mycology,0
micología ambiental,0
synchronous coefficient of drag alteration,0
coeficiente sincrónico de alteración de arrastre.,0
microalgae,0
microalgas,1
dna condensation,0
condensación de adn,0
microbiology,332
microbiología,105
aquatic microbiology,0
microbiología acuática,0
agricultural microbiology,0
microbiología agrícola,3
environmental microbiology,2
microbiología ambiental,7
applied microbiology,0
microbiología aplicada,0
clinical microbiology,36
microbiología clínica,4
soil microbiology,0
microbiología del suelo,0
fed-batch culture,0
cultura por lotes alimentados,0
high resolution melt,0
derretimiento de alta resolución,0
microphysiometry,0
microfisiometría,0
develop biocatalytic processes,0
desarrollar procesos biocatalíticos.,0
primer dimer,0
dímero de imprimación,0
drip-seq,0
micronutrition,0
micronutrición,0
gene knock-in,0
efecto genético,0
pathogenic microorganisms,0
microorganismos patógenos,2
microbead,0
microperlas,0
gene electrotransfer,0
electrotransferencia genética,0
homing endonuclease,0
endonucleasa dirigida,0
cell culture assay,0
ensayo de cultivo celular,2
micro-sustainability,7
microsostenibilidad,0
data mining and knowledge discovery,3
minería de datos y descubrimiento de conocimientos,0
selection and amplification binding assay,0
ensayo de unión de selección y amplificación.,0
climate change mitigation,9
mitigación del cambio climático,7
high-performance integrated virtual environment,0
entorno virtual integrado de alto rendimiento,0
bioprocess modelling,0
modelado de bioprocesos,0
system modeling,64
modelado de sistemas,52
economic modeling,7
modelado económico,3
modeling and simulation,11
modelado y simulación,5
inclusive business model,163
modelo de negocio inclusivo,11
biodiversity monitoring,16
monitoreo de la biodiversidad,4
monitoring of environmental parameters,0
monitoreo de parámetros ambientales.,1
morpholino,0
morfolino,0
fish samples for diagnosis,0
muestras de peces para diagnostico,0
gene delivery,0
entrega de genes,0
rare-cutter enzyme,0
enzima cortadora rara,0
nicking enzyme,0
enzima melladora,0
biochemical analysis equipment,0
equipo de análisis bioquímico,0
substantial equivalence,0
equivalencia sustancial,0
streptamer,0
estreptámero,0
feasibility study on biomass system,0
estudio de viabilidad del sistema de biomasa,0
strep-tag,0
etiqueta estreptocócica,0
out of autoclave composite manufacturing,0
fabricación de composites fuera de autoclave,0
fermentation at production scale,0
sustainable business,147
negocio sustentable,44
nitrogen fertilisers,0
fertilizantes nitrogenados,0
photobiotin,0
fotobiotina,0
color genomics,0
genómica del color,0
snp genotyping,0
genotipado de snp,0
nutrition,181
nutrición,152
aquaculture nutrition,0
nutrición acuícola,0
animal nutrition,47
nutrición animal,5
nutrition of plant soil,1
nutrición del suelo vegetal,0
plant nutrition,17
nutrición vegetal,20
soil nutrient,0
nutriente del suelo,0
nutrigenomics,0
nutrigenómica,0
sustainable development goal,10
objetivo de desarrollo sostenible,50
rabbit hybridoma,0
hibridoma de conejo,0
oncogenomics,0
oncogenómica,0
genetically encoded voltage indicator,0
indicador de voltaje codificado genéticamente.,0
farming operations,5
operaciones agrícolas,6
production operations,61
operaciones de producción,305
health operations,394
operaciones de salud,277
safety operations,65
operaciones de seguridad,516
operate in different climatic situations,0
operar en diferentes situaciones climáticas.,0
operate biogas plant,0
operar planta de biogás.,0
bioprocess optimization,0
optimización de bioprocesos,0
process optimization,182
optimización de procesos,226
design optimization,628
optimización del diseño,144
optoelectrowetting,0
optoelectrohumectación,0
tnf inhibitor,0
inhibidor del tnf,0
protein–dna interaction,0
interacción proteína-adn,0
protein–protein interaction,1
interacción proteína-proteína,0
natural heritage,4
patrimonio natural,0
isoschizomer,0
isosquizómero,0
gene knockout,0
knockout genético,0
molecularlab,0
laboratorio molecular,0
split-intein circular ligation of peptides and proteins,0
ligadura circular dividida entre péptidos y proteínas.,0
smart ligand,0
ligando inteligente,0
list of homing endonuclease cutting sites,0
lista de sitios de corte de endonucleasas localizadas,0
permaculture,1
permacultura,0
fisheries,1
pesca,5
aquaculture fisheries,1
pesca acuícola,0
pharming (genetics),0
pharming (genética),0
stable isotope labeling by amino acids in cell culture,0
marcado de isótopos estables por aminoácidos en cultivos celulares.,0
molecular-weight size marker,0
marcador de tamaño de peso molecular,0
plant protection,6
plan de proteccion,156
forest management plans,2
planes de manejo forestal,2
biogas plant,0
planta de biogás,0
plants,1
plantas,886
tree population,0
población de árboles,0
energy poverty,1
pobreza energética,0
polycultures,0
policultivos,0
lipid bilayer mechanics,0
mecánica de la bicapa lipídica.,0
fermentation mechanisms of food,0
mecanismos de fermentación de los alimentos.,0
fermentation measures of food,0
medidas de fermentación de los alimentos.,0
environmental policy,50
política de medio ambiente,15
agricultural policies,8
políticas agrícolas,7
sustainable management policies,17
políticas de gestión sostenible,40
meganuclease,0
meganucleasa,0
sample preparation,118
preparación de la muestra,6
methods of microalgae production,0
métodos de producción de microalgas.,0
pollution prevention,4
prevención de la contaminación,2
economic forecasts,12
previsiones económicas,1
substitution principle,0
principio de sustitución,0
cellular microarray,0
microarray celular,0
sustainable agricultural production principles,0
principios de producción agrícola sostenible,0
minigene,0
minigen,0
knockout moss,0
musgo knockout,0
mutanome,0
polyphosphate-accumulating organisms,0
organismos acumuladores de polifosfatos,0
food processing,197
procesamiento de alimentos,67
biomass processing,0
procesamiento de biomasa,0
biomedical signal processing,0
procesamiento de señales biomédicas,0
folate targeting,0
orientación al folato,0
crispr-display,0
pantalla crispr,0
rnase h-dependent pcr,0
pcr dependiente de arnasa h,0
process development,1
proceso de desarrollo,1
cold-pcr,0
pcr en frío,0
molecular glue,0
pegamento molecular,0
pegylation,0
pegilación,0
dna clamp,0
pinza de adn,0
pyrosequencing,0
pirosecuenciación,0
waste management processes,0
procesos de gestión de residuos,21
food production processes,15
procesos de producción de alimentos,232
starch production processes,0
procesos de producción de almidón.,0
sustainable agricultural production,3
producción agrícola sostenible,4
animal production,125
producción animal,25
biological hydrogen production,0
producción biológica de hidrógeno.,0
biofuel production,0
producción de biocombustibles,1
bioethanol production,0
producción de bioetanol,0
biohydrogen production,0
producción de biohidrógeno,0
biogas energy production,0
producción de energía de biogás,0
production of ethanol,0
producción de etanol,0
microalgae production,0
producción de microalgas,0
single-nucleotide polymorphism,0
polimorfismo de nucleótido simple,0
livestock productivity,0
productividad ganadera,0
green gross domestic product,0
producto interno bruto verde,0
yeast fermentation principles,0
principios de fermentación de la levadura.,0
coal combustion products,0
productos de combustión de carbón,0
fermentation procedures of food,0
procedimientos de fermentación de los alimentos.,0
plant propagation,0
propagación de plantas,0
intellectual property,208
propiedad intelectual,13
crop protection,13
protección de cultivos,5
biodiversity protecting,3
protección de la biodiversidad,1
wine fermentation process,0
proceso de fermentación del vino.,0
fermentation processes of food,1
procesos de fermentación de los alimentos.,1
proteins,0
proteínas,12
tac-promoter,1
promotor táctico,0
proteolysis targeting chimera,0
proteólisis dirigida a quimera,0
rapid antigen test,0
prueba rápida de antígenos,0
visible embryo project,0
proyecto de embrión visible,0
laboratory testing,76
prueba de laboratorio,8
genetic testing,10
prueba genética,6
lung-on-a-chip,0
pulmón en un chip,0
carry out cell culture analysis,0
realizar análisis de cultivos celulares.,0
diagnostic testing,1
pruebas de diagnóstico,42
perform a feasibility study on biomass systems,0
realizar un estudio de viabilidad sobre sistemas de biomasa,0
site-specific recombination,0
recombinación específica del sitio,0
single cell sequencing,0
secuenciación de células individuales,0
abi solid sequencing,0
secuenciación de sólidos abi,0
third-generation sequencing,0
secuenciación de tercera generación,0
chemistry,602
química,525
applied chemistry,0
quimica aplicada,16
whole genome sequencing,0
natural product chemistry,3
química de productos naturales,1
protein chemistry,0
química de proteínas,0
natural chemistry,0
quimica natural,7
secuenciación del genoma de especies en peligro de extinción.,0
solid phase sequencing,0
secuenciación en fase sólida,0
single molecule fluorescent sequencing,0
secuenciación fluorescente de una sola molécula.,0
ion semiconductor sequencing,0
secuenciación ion torrent,0
dna separation by silica adsorption,0
separación de adn por adsorción de sílice.,0
dna‐templated organic synthesis,0
síntesis orgánica con plantilla de adn,0
vacuum dewatering system,0
sistema de deshidratación al vacío,0
land recycling,0
reciclaje de tierras,0
crop gathering,0
recolección de cultivos,1
artificially expanded genetic information system,0
sistema de información genética ampliado artificialmente,0
waste resources,24
recursos desperdiciados,0
reduce environmental impact on the surrounding area,0
reducir el impacto ambiental en el entorno,1
waste regulation,2
regulación de residuos,1
environmental remediation,1
remediación ambiental,1
crop yields,1
rendimientos de los cultivos,2
biogas plant repairing,0
reparación de plantas de biogás.,0
reforestation,2
repoblación forestal,0
animal reproduction,0
reproducción animal,0
biodegradable waste,0
residuos biodegradables,0
biochemical waste,0
residuos bioquímicos,0
animal feeds waste,0
residuos de alimentos para animales,2
waste from fish harvesting,0
residuos de la pesca,0
metabolic waste,0
residuos metabólicos,0
systemic change resistance,0
resistencia al cambio sistémico,0
corporate social responsibility,78
responsabilidad social corporativa,19
soil irrigation,10
riego del suelo,0
spray drying,0
secado por aspersión,0
smile-seq,0
sonrisa-seq,0
subtelomere,0
subtelómero,0
suppression subtractive hybridization,0
supresión de hibridación sustractiva.,0
bioremediation techniques,0
técnicas de biorremediación,0
techniques of microalgae production,0
técnicas de producción de microalgas.,0
tk cell therapy,0
terapia con células tk,0
gene therapy,2
terapia de genes,0
spatial transcriptomics,0
transcriptómica espacial,0
magnet-assisted transfection,0
transfección asistida por imán,0
transfer dna binary system,0
transferir sistema binario de adn.,0
carbon sequestration,1
secuestro de carbón,0
fisheries monitoring,0
seguimiento de la pesca,0
food security,130
seguridad alimentaria,174
dna field-effect transistor,0
transistor de efecto de campo de adn,0
sawdust,0
serrín,0
agricultural services,2
servicios agrícolas,1
ecosystem services,55
servicios de ecosistema,62
forestry,9
silvicultura,0
bioprocess simulation,0
simulación de bioprocesos,0
process simulation,63
simulación de procesos,10
matlab simulation,8
simulaciónmatlab,0
organic synthesis,24
síntesis orgánica,0
vectors in gene therapy,0
vectores en terapia génica,0
agri-food system,0
sistema agroalimentario,4
agroforestry system,0
sistema agroforestal,0
biogas system,0
sistema de biogás,0
biomass system,0
sistema de biomasa,1
next generation sequencing,2
secuenciación de próxima generación,0
allo-715,0
alo-715,0
food systems,258
sistemas alimentarios,3
aquaculture systems,2
sistemas de acuicultura,0
food-energy systems,2
sistemas de energía alimentaria,0
renewable energy systems,2
sistemas de energía renovable,15
solar power systems,0
sistemas de energía solar,18
delivery systems,709
sistemas de entrega,304
natural gas systems,0
sistemas de gas natural,15
production systems,133
sistemas de producción,183
dynamic systems,0
sistemas dinámicos,0
plant systematics,0
sistemática vegetal,0
nature based solutions,123
soluciones basadas en la naturaleza,3
climate solutions,8
soluciones climáticas,3
sustain bio-diversity,0
sostener la biodiversidad,0
sustainability,618
sostenibilidad,215
computational sustainability,0
sostenibilidad computacional,0
environmental sustainability,64
sostenibilidad del medio ambiente,21
urban sustainability,6
sostenibilidad urbana,2
biocyc database collection,0
colección de bases de datos biocyc,0
function-spacer-lipid kode construct,0
construcción kode función-espaciador-lípido,0
soil,42
suelo,11
ecori,0
plant taxonomy,0
taxonomía vegetal,0
eftilagimod alpha,0
eftilagimod alfa,0
flap endonuclease,0
endonucleasa de colgajo,0
exposome,0
exposoma,0
decontamination techniques,0
técnicas de descontaminación,0
waste disposal techniques,0
técnicas de eliminación de residuos,0
climate tech,1
tecnología climática,1
bioprocess technology,0
tecnología de bioprocesos,0
biomass fuel technology,0
tecnología de combustible de biomasa,0
list of restriction enzyme cutting sites,0
lista de sitios de corte de enzimas de restricción,0
food technology,334
tecnología de los alimentos,48
microalgae technology,0
tecnología de microalgas,0
green chemistry technology,0
tecnología de química verde,0
list of restriction enzyme cutting sites: a,0
lista de sitios de corte de enzimas de restricción: a,0
biofuel energy technology,0
tecnología energética de biocombustibles,0
technology for renewable energy,16
tecnología para energías renovables,6
list of restriction enzyme cutting sites: ba–bc,0
lista de sitios de corte de enzimas de restricción: ba – bc,0
green technology,4
tecnología verde,1
renewable energy technologies,0
tecnologías de energías renovables,10
hydrogen technologies,2
tecnologías de hidrógeno,0
list of restriction enzyme cutting sites: bd–bp,0
lista de sitios de corte de enzimas de restricción: bd-bp,0
antisense therapy,0
terapia antisentido,0
list of restriction enzyme cutting sites: bsa–bso,0
lista de sitios de corte de enzimas de restricción: bsa – bso,0
cell therapy,4
terapia celular,0
gene therapies,2
terapias genéticas,0
nb.bbvci,0
neoepitope,0
neoepítopo,0
nlaiii,0
zinc finger nuclease,0
nucleasa de dedos de zinc,0
biological wastewater treatment,0
tratamiento biológico de aguas residuales,1
wastewater treatment,22
tratamiento de aguas residuales,24
municipal wastewater treatment,1
tratamiento de aguas residuales municipales,0
water and wastewater treatment,8
tratamiento de aguas y aguas residuales,23
waste treatment,5
tratamiento de desechos,0
product traceability,3
trazabilidad del producto,48
aminoallyl nucleotide,0
nucleótido aminoalilo,0
sustainable energy use,10
uso sostenible de la energía,9
sustainable land use,3
uso sostenible de la tierra,2
co-products valorization,0
valorización de coproductos,0
by-products valorization,0
valorización de subproductos,0
lysozyme pegylation,0
pegilación de lisozima,0
fermentation processes of beverages,0
procesos de fermentación de bebidas.,0
pubgene,0
virotherapy,0
viroterapia,0
oncolytic herpes virus,0
virus del herpes oncolítico,0
plant virus,0
virus vegetal,0
vitamins,14
vitaminas,4
pvsripo,0
bioresources,0
biorrecursos,0
sustainable resource management,34
gestión sostenible de recursos,37
green chemistry,0
química verde,0
biogenic resources,0
recursos biogénicos,0
biocultural asset,0
activo biocultural,0
bioregion,0
bird biodiversity,0
biodiversidad de aves,0
bird tourism,0
aviturismo,0
bird watching,1
observación de aves,1
blue destiny,0
destino azul,1
blue infrastructure,7
infraestructura azul,0
community ecosystem monitoring network,6
red de monitoreo comunitario de ecosistemas,0
community tourism,30
turismo comunitario,2
conscious travel,1
viaje consciente,2
ecological values,1
valores ecológicos,0
ecotourism,1
ecoturismo,0
ecotourism services value chain,0
cadena de valor de servicios ecoturísticos,0
environmental awareness,543
sensibilización ambiental,3
environmental compensation,36
compensación ambiental,16
environmental conservation,53
conservacion medioambiental,0
environmental footprint,2
huella ambiental,9
impacto ambiental,51
environmental liability management,0
gestión de pasivos ambientales,0
environmental performance of tourism,0
desempeño ambiental del turismo,0
environmental responsibility,55
responsabilidad ambiental,38
environmental values,46
valores ambientales,11
governance for sustainable tourism,0
gobernanza para el turismo sostenible,1
green infrastructure,2
infraestructura verde,2
green tourism industry,0
industria turística verde,0
herpet observation,0
observación de herpetos,0
innovative destination,7
destino innovador,1
innovative tourism offer,2
oferta innovadora de turismo,0
innovative tourism products,0
Productos turísticos innovadores,0
intangible cultural heritage,0
patrimonio cultural inmaterial,0
loading capacity,4
capacidad de carga,171
local communities,347
comunidades locales,45
low carbon tourism offer,0
oferta turística baja en carbono,0
mitigation of the environmental footprint of tourism,0
mitigación de la huella ambiental del turismo,0
national heritage,0
patrimonio nacional,0
natural capital,0
capital natural,0
natural goods,6
bienes naturales,6
natural parks,0
parques naturales,1
natural reserve,0
reserva natural,0
natural tourist attraction,0
atractivo turistico natural,0
natural wealth,8
riqueza natural,3
nature scientific tourism,1
turismo científico de naturaleza,0
nature tourism,2
turismo de naturaleza,9
nature-focused tourism experiences,0
experiencias turísticas centradas en la naturaleza,0
plastic-free tourist destination,0
destino turístico libre de plásticos,0
protected natural area,7
área natural protegida,0
provision of ecosystem services,1
provisión de servicios ecosistémicos,0
regenerative tourism,1
turismo regenerativo,5
regional tourist narrative,0
narrativa turística regional,0
resilient tourist destination,0
destino turistico resiliente,0
responsible resource management,140
gestión responsable de los recursos,1
risk management for sustainable tourism,0
gestión del riesgo para el turismo sostenible,0
routes supported by natural capital,0
rutas sustentadas en capital natural,0
scientific nature tourism,1
turismo cientifico de naturaleza,0
human hgf plasmid dna therapy,0
terapia de adn con plásmido hgf humano,0
sewage treatment,0
smart sustainable tourism,0
turismo sostenible inteligente,0
smart tourist destination,0
destino turistico inteligente,0
social inclusion,102
inclusión social,366
sociocultural integrity,0
a integridad sociocultural,0
solid waste management,0
manejo de residuos sólidos,19
specialized nature tourism,0
turismo de naturaleza especializado,0
strategic ecosystems,25
ecosistemas estratégicos,6
sustainability of attractions,0
sostenibilidad de atractivos,1
sustainability of the tourism value chain,0
sostenibilidad de la cadena de valor del turismo,2
sustainability of tourist destination,0
sostenibilidad de destino turístico,2
sustainable consumption,9
consumo sostenible,20
sustainable infrastructure,9
infraestructura sostenible,42
sustainable practices,163
prácticas sostenibles,54
sustainable specialized tourism product,0
producto turístico especializado sustentable,0
turismo sostenible,3
sustainable tourism business,1
negocio turístico sostenible,1
sustainable tourism indicators,0
indicadores de turismo sostenible,0
sustainable tourism investment,0
inversión turística sostenible,0
sustainable tourism management,0
gestión del turismo sostenible,1
sustainable tourism offer,0
oferta turística sostenible,1
sustainable tourism production,0
producción sostenible del turismo,0
sustainable tourism products,0
Productos turísticos sostenibles,1
sustainable tourism project,0
proyecto turístico sostenible,1
sustainable tourism quality,0
calidad turística sostenible,0
sustainable tourist destinations,0
destinos turísticos sostenibles,1
sustainable travel culture,24
cultura de viaje sostenible,0
tourism co-responsibility,0
corresponsabilidad turística,0
tourism development,1
desarrollo turístico,29
tourism in protected areas,0
turismo en áreas protegidas,0
tourism intelligence platform,0
plataforma de inteligencia turística,0
tourism management,8
gestión turística,14
tourism sustainability,3
sostenibilidad del turismo,4
tourism-biodiversity relationship,0
relación turismo-biodiversidad,0
tourist behavior,0
comportamiento turístico,1
tourist geoportal,0
geoportal turístico,0
tourist power,0
potencia turística,0
touristic infrastructure,0
infraestructura turística,0
unique natural resources,3
recursos naturales únicos,0
value added,113
valor agregado,194
virtual tour,1
recorrido virtual,2
water footprint,0
huella hídrica,1
gestión del agua,29
wildlife,2
fauna silvestre,2
virocap,0
scientific nature tourism strategy,1
estrategia de turismo cientifico de naturaleza,0
tourism development plan,35
plan de desarrollo turístico,2
regenerative agri-food systems,0
sistemas agroalimentarios regenerativos,0
socio-ecological system,0
sistema socio-ecológico,0
regenerative agriculture,6
agricultura regenerativa,1
fixation of nitrogen,0
fijación de nitrógeno,0
soil health,2
salud del suelo,0
biological fertilization,0
fertilización biológica,0
agricultural system,12
sistema agrícola,12
organic material,3
materia orgánica,1
bioeconomic,0
bioeconómico,0
nutrient cycle,0
ciclo de nutrientes,0
