,BIOEC_MMC,keywords
1,3,3disco
2,1,native bees
3,1,abejas nativas
4,2,aquaculture ponds manuring
5,2,abonado de estanques de acuicultura
6,1,absortion
7,1,absorción
8,1,essential oils
9,1,aceites esenciales
10,2,antioxidant activity
11,2,actividad antioxidante
12,1,aquaculture
13,1,acuicultura
14,1,aquaculture on aquatic resources
15,1,acuicultura sobre los recursos acuáticos
16,2,oncolytic adenovirus
17,2,adenovirus oncolítico
18,1,safety management
19,1,administración de seguridad
20,1,water management
21,1,administracion del agua
22,1,dna
23,1,adn
24,1,recombinant dna
25,1,adn recombinante
26,1,biocontrol agents
27,1,agentes de biocontrol
28,1,amplicon
29,1,amplicón
30,1,adsorption
31,1,adsorción
32,1,biochemical analysis
33,1,análisis bioquímico
34,1,agriculture
35,1,agricultura
36,1,development-supported agriculture
37,1,agricultura apoyada por el desarrollo
38,1,cellular agriculture
39,1,agricultura celular
40,1,conservation agriculture
41,1,agricultura de conservación
42,1,precision farming
43,1,agricultura de precisión
44,1,rural area agriculture
45,1,agricultura de zona rural
46,1,organic farming
47,1,agricultura ecológica
48,1,controlled environment agriculture
49,1,agricultura en ambiente controlado
50,1,family agriculture
51,1,agricultura familiar
52,1,hybrid farming
53,1,agricultura híbrida
54,1,smart agriculture
55,1,agricultura inteligente
56,1,organic agriculture
57,1,agricultura orgánica
58,1,peri-urban agriculture
59,1,agricultura periurbana
60,1,zero waste agriculture
61,1,agricultura sin residuos
62,1,sustainable agriculture
63,1,agricultura sostenible
64,1,urban agriculture
65,1,agricultura urbana
66,1,agrifood
67,1,agroalimentario
68,1,agrobacterium
69,1,agrobacteria
70,1,agrobiodiversity
71,1,agrobiodiversidad
72,1,agroecology
73,1,agroecología
74,1,agroforestry
75,1,agroforestería
76,1,agroinfiltration
77,1,agroinfiltración
78,1,agribusiness
79,1,agronegocios
80,1,agronomy
81,1,agronomía
82,1,coffee wastewater
83,1,aguas residuales del café
84,1,alkaloids
85,1,alcaloides
86,1,functional foods
87,1,alimentos funcionales
88,2,stock raw food materials
89,2,almacenar materias primas alimentarias
90,1,dna analysis
91,1,análisis de adn
92,1,environment
93,1,ambiente
94,1,environmental threats
95,1,amenazas ambientales
96,1,phytochemical analysis
97,1,análisis fitoquímico
98,1,genetic analysis
99,1,análisis genético
100,1,antibacterials
101,1,antibacterianos
102,1,environmental analysis
103,1,análisis ambiental
104,1,polyclonal antibodies
105,1,anticuerpos policlonales
106,1,compositional analysis
107,1,análisis composicional
108,1,quantitative analysis
109,1,análisis cuantitativo
110,1,antimicrobials
111,1,antimicrobianos
112,1,food analysis
113,1,análisis de alimentos
114,1,value chains analysis
115,1,análisis de cadenas de valor
116,1,cost-effectiveness analysis
117,1,análisis de costo-efectividad
118,1,value chain analysis
119,1,análisis de la cadena de valor
120,1,policy analysis
121,1,análisis de políticas
122,2,crop production analysing
123,2,análisis de producción de cultivos.
124,3,social network analysis
125,3,análisis de redes sociales
126,1,soil analysis
127,1,análisis de suelos
128,1,aptamer
129,1,aptámero
130,1,econometric analysis
131,1,análisis econométrico
132,1,economics analysis
133,1,análisis económico
134,1,statistical analysis
135,1,análisis estadístico
136,1,rna
137,1,arn
138,1,forestry analysis
139,1,análisis forestal
140,1,functional analysis
141,1,análisis funcional
142,1,lactic acid bacteria
143,1,bacterias de ácido láctico
144,1,microbiological analysis
145,1,análisis microbiológico
146,1,microbiological analysis in food
147,1,análisis microbiológico en alimentos
148,1,chemical analysis
149,1,análisis químico
150,1,bacteriology
151,1,bacteriología
152,1,bioactivity
153,1,bioactividad
154,1,biocatalysis
155,1,biocatálisis
156,1,antibiotics
157,1,antibióticos
158,1,antibody
159,1,anticuerpo
160,2,monoclonal antibody
161,2,anticuerpo monoclonal
162,1,biocontrol
163,1,biodegradation
164,1,biodegradación
165,1,antioxidants
166,1,antioxidantes
167,1,natural antioxidants
168,1,antioxidantes naturales
169,1,anthocyanins
170,1,antocianinas
171,1,apiculture
172,1,apicultura
173,1,biostimulation
174,1,bioestimulación
175,3,l-ribonucleic acid aptamer
176,3,aptámero del ácido l-ribonucleico
177,1,harmony with nature
178,1,armonía con la naturaleza
179,1,biofabrication
180,1,biofabricación
181,1,biofunctionalisation
182,1,biofuncionalización
183,1,archaeobotany
184,1,arqueobotánica
185,1,sustainable architecture
186,1,arquitectura sostenible
187,1,bacteria
188,1,bacterias
189,1,biohydrometallurgy
190,1,biohidrometalurgia
191,1,bioinformatics
192,1,bioinformática
193,1,bioinstrumentation
194,1,bioinstrumentación
195,1,molecular cell biology
196,1,biología celular molecular
197,1,nature based
198,1,basado en la naturaleza
199,3,ncbi database
200,3,base de datos ncbi
201,1,green waste
202,1,basura orgánica
203,1,engineering biology
204,1,biología de la ingeniería
205,1,ecological goods and services
206,1,bienes y servicios ecológicos.
207,1,molecular biology
208,1,biología molecular
209,1,plant molecular biology
210,1,biología molecular vegetal
211,1,bioacoustics
212,1,bioacústica
213,1,biochar
214,1,biocarbón
215,1,synthetic biology
216,1,biología sintética
217,1,polymeric biomaterials
218,1,biomateriales poliméricos
219,1,bioscience
220,1,biociencia
221,1,biofuel
222,1,biocombustible
223,1,biocompatibility
224,1,biocompatibilidad
225,1,bionanotechnology
226,1,bionanotecnología
227,1,bioprospecting
228,1,bioprospección
229,1,microbial biodegradation
230,1,biodegradación microbiana
231,1,biodiesel
232,1,biodiésel
233,1,biodigestate
234,1,biodigestato
235,1,biodigestates
236,1,biodigestatos
237,1,biodiversity
238,1,biodiversidad
239,1,agricultural biodiversity
240,1,biodiversidad agrícola
241,1,plant biodiversity
242,1,biodiversidad vegetal
243,1,bioeconomy
244,1,bioeconomía
245,1,bioelectronics
246,1,bioelectrónica
247,1,bioenergy
248,1,bioenergía
249,1,biostatistics
250,1,bioestadística
251,1,bioprospection
252,1,bioethics
253,1,bioética
254,1,bioreactor
255,1,biorreactor
256,1,biomanufacturing
257,1,biopharmaceutical
258,1,biofarmacéutico
259,1,biofertilizers
260,1,biofertilizantes
261,1,biophysics
262,1,biofísica
263,1,biohydrogen
264,1,biohidrógeno
265,1,biorefining
266,1,biorrefinación
267,1,biorefinery
268,1,biorrefinería
269,1,next generation bio-refineries
270,1,biorrefinerías de próxima generación
271,1,bioinputs
272,1,bioinsumos
273,3,biolegend
274,3,bioleyenda
275,1,bioleaching
276,1,biolixiviación
277,1,biology
278,1,biología
279,1,applied biology
280,1,biología aplicada
281,1,bioremediation
282,1,biorremediación
283,1,combinatorial biology
284,1,biología combinatoria
285,1,computational biology
286,1,biología computacional
287,1,conservation biology
288,1,biología de la conservación
289,1,biology of aquatic ecology
290,1,biología de la ecología acuática.
291,1,environmental bioremediation
292,1,biorremediación ambiental
293,1,reproduction biology
294,1,biología de la reproducción
295,1,fish biology
296,1,biología de los peces
297,1,systems biology
298,1,biologia de sistemas
299,1,complex systems biology
300,1,biología de sistemas complejos
301,1,soil biology
302,1,biología del suelo
303,1,floral biology
304,1,biología floral
305,1,forest biology
306,1,biología forestal
307,1,fungal biology
308,1,biología fúngica
309,1,in situ bioremediation
310,1,biorremediación in situ
311,1,microbial molecular biology
312,1,biología molecular microbiana
313,1,photonic biosensors
314,1,biosensores fotónicos
315,1,reproductive biology
316,1,biología reproductiva
317,1,plant reproductive biology
318,1,biología reproductiva vegetal
319,1,bioseparation
320,1,bioseparación
321,1,plant biology
322,1,biología vegetal
323,1,biomagnetics
324,1,biomagnética
325,1,biomarker
326,1,biomarcador
327,1,biomarkers
328,1,biomarcadores
329,1,biomass
330,1,biomasa
331,1,biomaterials
332,1,biomateriales
333,1,biosurfactant
334,1,biosurfactante
335,1,biomechanics
336,1,biomecánica
337,1,biomedicine
338,1,biomedicina
339,1,biomethane
340,1,biometano
341,1,biomimetics
342,1,biomimética
343,1,biomimetic
344,1,biomimético
345,1,biomimicry
346,1,biomimetismo
347,1,environmental biotechnology
348,1,biotecnología ambiental
349,1,bionics
350,1,biónica
351,1,biopesticide
352,1,biopesticida
353,1,microbial biopesticides
354,1,biopesticidas microbianos
355,1,biopiracy
356,1,biopiratería
357,1,bioplastics
358,1,bioplásticos
359,1,biopolymerisation
360,1,biopolimerización
361,1,biopolymers
362,1,biopolímeros
363,1,bioprocessor
364,1,bioprocesador
365,1,bioprocess
366,1,bioproceso
367,1,bioproducts
368,1,bioproductos
369,1,animal biotechnology
370,1,biotecnología animal
371,1,fermentation biotechnology
372,1,biotecnología de fermentación
373,1,biochemistry
374,1,bioquímica
375,1,analytical biochemistry
376,1,bioquímica analítica
377,1,animal biochemistry
378,1,bioquímica animal
379,1,protein biochemistry
380,1,bioquímica de proteínas
381,1,plant biochemistry
382,1,bioquímica vegetal
383,1,biochemicals
384,1,bioquímicos
385,1,mushroom biotechnology
386,1,biotecnología de hongos
387,1,industrial biotechnology
388,1,biotecnología industrial
389,2,algae bioreactor
390,2,biorreactor de algas
391,1,plant biotechnology
392,1,biotecnología vegetal
393,1,biotransducer
394,1,biotransductor
395,1,biotransformation
396,1,biotransformación
397,1,biovalorization
398,1,biovalorización
399,1,good laboratory practice (glp)
400,1,buenas prácticas de laboratorio (bpl)
401,1,enzymatic catalysis
402,1,catálisis enzimática
403,1,biorobotics
404,1,biorrobótica
405,1,livestock biosecurity
406,1,bioseguridad ganadera
407,1,life sciences
408,1,ciencias de la vida
409,1,reaction kinetics
410,1,cinética de reacción
411,1,cytogenetics
412,1,citogenética
413,1,biosimilar
414,1,biosynthesis
415,1,biosíntesis
416,1,flow cytometry
417,1,citometría de flujo
418,1,biotechnology
419,1,biotecnología
420,1,agricultural biotechnology
421,1,biotecnología agrícola
422,1,cloning
423,1,clonación
424,1,molecular cloning
425,1,clonación molecular
426,1,in vitro compartmentalization
427,1,compartimentación in vitro
428,1,bioactive compounds
429,1,compuestos bioactivos
430,1,forest biotechnology
431,1,biotecnología forestal
432,1,bacterial conjugation
433,1,conjugación bacteriana
434,1,microbial biotechnology
435,1,biotecnología microbiana
436,1,biological control
437,1,control biológico
438,1,conversion of biomass
439,1,conversión de biomasa
440,1,crispr
441,1,chromatography
442,1,cromatografía
443,1,liquid chromatography
444,1,cromatografía líquida
445,1,botany
446,1,botánica
447,1,good agricultural practices
448,1,buenas prácticas agrícolas
449,1,high-performance liquid chromatography (hplc)
450,1,cromatografía líquida de alto rendimiento (hplc)
451,1,supply chain
452,1,cadena de suministro
453,1,food quality
454,1,calidad de la comida
455,1,water quality
456,1,calidad del agua
457,1,aquaculture water quality
458,1,calidad del agua para la acuicultura
459,2,callus
460,2,callo
461,1,climate change
462,1,cambio climático
463,1,cultured meat
464,1,carne cultivada
465,1,cell culture
466,1,cultivo de células
467,1,fertiliser catalysts
468,1,catalizadores de fertilizantes
469,1,microbial electrolysis cell
470,1,celda de electrólisis microbiana
471,2,adult stem cell
472,2,célula madre adulta
473,1,stem cells
474,1,células madre
475,2,embryonic stem cell
476,2,células madre embrionarias
477,2,induced stem cells
478,2,células madre inducidas
479,2,coal ash
480,2,ceniza de carbón
481,1,wood ash
482,1,ceniza de madera
483,1,sustainable certification
484,1,certificación sostenible
485,1,bacterial cell culture
486,1,cultivo de células bacterianas
487,1,axenic culture
488,1,cultura axénica
489,1,biomedical science
490,1,ciencia biomedica
491,1,biomaterial science
492,1,ciencia de biomateriales
493,1,food science
494,1,ciencia de los alimentos
495,1,medical science
496,1,ciencia médica
497,1,botanical data
498,1,datos botánicos
499,1,molecular diagnostics
500,1,diagnóstico molecular
501,1,circularity
502,1,circularidad
503,1,circles of sustainability
504,1,círculos de sostenibilidad
505,1,molecular dynamics
506,1,dinámica molecular
507,1,bioreactor design
508,1,diseño de biorreactor
509,1,cytotoxicity
510,1,citotoxicidad
511,1,rational design
512,1,diseño racional
513,1,genetic diversity
514,1,diversidad genetica
515,1,ecobiotechnology
516,1,ecobiotecnología
517,3,2 base encoding
518,3,codificación de 2 bases
519,1,behavioral ecology
520,1,ecología del comportamiento
521,1,phytoplankton ecology
522,1,ecología del fitoplancton
523,2,biodiesel fuel
524,2,combustible biodiésel
525,1,carbon-neutral fuel
526,1,combustible neutro en carbono
527,1,functional food
528,1,comida funcional
529,1,fishfood
530,1,comida para pez
531,1,bio-based economy
532,1,economía de base biológica
533,1,food products composition
534,1,composición de productos alimenticios.
535,2,chemical composition of sugar
536,2,composición química del azúcar.
537,1,compost
538,1,choice editing
539,1,edición de elección
540,1,biological computing
541,1,computación biológica
542,1,sustainable community
543,1,comunidad sostenible
544,1,gene editing
545,1,edición de genes
546,1,crispr gene editing
547,1,edición de genes crispr
548,2,antibody-drug conjugate
549,2,conjugado anticuerpo-fármaco
550,2,antibody-oligonucleotide conjugate
551,2,conjugado anticuerpo-oligonucleótido
552,1,conservation
553,1,conservación
554,1,biological conservation
555,1,conservación biológica
556,1,forest conservation
557,1,conservación de bosques
558,1,crop conserving
559,1,conservación de cultivos
560,1,biodiversity conservation
561,1,conservación de la biodiversidad
562,1,food preservation
563,1,conservación de los alimentos
564,1,natural resources conservation
565,1,conservación de recursos naturales
566,1,wildlife conservation
567,1,conservacion de vida salvaje
568,1,soil conservation
569,1,conservacion del suelo
570,1,soil and water conservation
571,1,conservación del suelo y el agua
572,1,nature conservation
573,1,conservación natural
574,1,genome editing
575,1,edición del genoma
576,1,sustainable construction
577,1,construcción sostenible
578,1,green consumption
579,1,consumo verde
580,1,environmental pollution
581,1,contaminación ambiental
582,1,prime editing
583,1,edición principal
584,2,biological control of plant diseases
585,2,control biológico de enfermedades de las plantas.
586,1,process control
587,1,control de procesos
588,1,biomass conversion
589,1,green building
590,1,edificio verde
591,3,michigan life sciences corridor
592,3,corredor de ciencias biológicas de michigan
593,1,plant harvesting
594,1,cosecha de plantas
595,1,clean growth
596,1,crecimiento limpio
597,1,animal breeding
598,1,cría de animales
599,1,mutation breeding
600,1,cría por mutación
601,1,selective breeding
602,1,crianza selectiva
603,1,induced-charge electrokinetics
604,1,electrocinética de carga inducida
605,1,electrophoresis
606,1,electroforesis
607,1,gel electrophoresis
608,1,electroforesis en gel
609,1,electroporation
610,1,electroporación
611,1,inclusion bodies
612,1,cuerpos de inclusión
613,1,conservation issues
614,1,cuestiones de conservación
615,1,cultivate crops for biomass
616,1,cultivar cultivos para biomasa.
617,1,grow crops for biomass
618,1,somatic embryogenesis
619,1,embriogénesis somática
620,3,3d cell culturing by magnetic levitation
621,3,cultivo de células 3d por levitación magnética
622,1,impalefection
623,1,empalamiento
624,1,maggot farming
625,1,cultivo de gusanos
626,1,microbial culture
627,1,cultivo microbiano
628,1,crop growing for biomass
629,1,cultivo para biomasa
630,1,microbial food cultures
631,1,cultivos alimentarios microbianos.
632,1,industrial crops
633,1,cultivos industriales
634,1,genetically modified crops
635,1,cultivos modificados genéticamente
636,1,crops growing for biomass
637,1,cultivos para biomasa
638,1,in vitro assays
639,1,ensayos in vitro
640,1,in vivo assays
641,1,ensayos in vivo
642,1,restriction enzyme
643,1,enzima restrictiva
644,1,biobased
645,1,de base biológica
646,3,dendrosome
647,3,dendrosoma
648,1,enzymes
649,1,enzimas
650,1,develop agricultural policies
651,1,desarrollar políticas agrícolas
652,1,enzymology
653,1,enzimología
654,1,agricultural development
655,1,desarrollo agrícola
656,2,biopesticide development
657,2,desarrollo de bioplaguicidas
658,1,bioprocess development
659,1,desarrollo de bioprocesos
660,1,bioproduct development
661,1,desarrollo de bioproductos
662,1,bioproducts development
663,1,eco-industrial development
664,1,desarrollo ecoindustrial
665,1,ecologically sustainable development
666,1,desarrollo ecológicamente sostenible
667,1,sustainable economic development
668,1,desarrollo económico sostenible
669,1,pharmaceutical development
670,1,desarrollo farmaceutico
671,1,regional development
672,1,desarrollo regional
673,1,sustainable regional development
674,1,desarrollo regional sostenible
675,1,rural development
676,1,desarrollo rural
677,1,sustainable rural development
678,1,desarrollo rural sostenible
679,1,systemic development
680,1,desarrollo sistémico
681,1,sustainable development
682,1,desarrollo sostenible
683,3,fragment-based lead discovery
684,3,descubrimiento de clientes potenciales basado en fragmentos
685,1,food waste
686,1,desechos alimentarios
687,1,marine debris
688,1,desechos marinos
689,2,food loss waste
690,2,desperdicio de comida
691,1,silk waste
692,1,desperdicios de seda
693,1,distillation
694,1,destilación
695,1,determine process optimisation
696,1,determinar la optimización del proceso.
697,1,greenhouse debt
698,1,deuda de efecto invernadero
699,1,epigenomics
700,1,epigenómica
701,1,anaerobic digestion
702,1,digestión anaeróbica
703,2,anaerobic digester
704,2,digestor anaeróbico
705,1,pilot scale
706,1,escala piloto
707,1,structural dynamics
708,1,dinámica estructural
709,1,spectrometry
710,1,espectrometría
711,1,mass spectrometry
712,1,espectrometría de masas
713,1,engineering design
714,1,diseño de ingeniería
715,1,product design
716,1,diseño de producto
717,1,design biomass system
718,1,diseño de sistema de biomasa.
719,1,protein mass spectrometry
720,1,espectrometría de masas de proteínas
721,1,algal diversity
722,1,diversidad de algas
723,1,diversity of ecosystems
724,1,diversidad de ecosistemas
725,1,species diversity
726,1,diversidad de especies
727,1,ethnobotany
728,1,etnobotánica
729,1,microbial diversity
730,1,diversidad microbiana
731,1,crop diversification
732,1,diversificación de cultivos
733,1,environmental impact assessment
734,1,evaluación de impacto ambiental
735,3,duocarmycin
736,3,duocarmicina
737,1,protein expression
738,1,expresión de proteínas
739,1,ecology
740,1,ecología
741,1,aquatic ecology
742,1,ecología acuática
743,1,community ecology
744,1,ecología comunitaria
745,1,ecosystem ecology
746,1,ecología de ecosistemas
747,1,fungal ecology
748,1,ecología de hongos
749,1,conservation ecology
750,1,ecología de la conservación
751,1,fish ecology
752,1,ecología de peces
753,1,recombinant protein expression
754,1,expresión de proteínas recombinantes
755,1,heterologous expression
756,1,expresión heteróloga
757,1,forest ecology
758,1,ecología forestal
759,1,microbial ecology
760,1,ecología microbiana
761,1,plant ecology
762,1,ecología vegetal
763,1,applied econometrics
764,1,econometría aplicada
765,1,agricultural economics
766,1,economía agrícola
767,1,applied economics
768,1,economía aplicada
769,1,low-carbon economy
770,1,economía baja en carbono
771,1,circular economy
772,1,economía circular
773,1,extraction
774,1,extracción
775,1,economics of agriculture
776,1,economía de la agricultura
777,1,ecological economics
778,1,economía ecológica
779,1,extracting fatty acid
780,1,extracción de ácidos grasos
781,1,ecourbanism
782,1,ecourbanismo
783,1,dna extraction
784,1,extracción de adn
785,1,extraction of bioactive compounds
786,1,extracción de compuestos bioactivos
787,1,extract fatty acid
788,1,extraer ácido graso
789,2,leaper gene editing
790,2,edición del gen leaper
791,1,extremophiles
792,1,extremófilos
793,1,fermentation
794,1,fermentación
795,1,lab scale fermentation
796,1,fermentación a escala de laboratorio
797,1,production scale fermentation
798,1,fermentación a escala de producción.
799,1,rebound effect in conservation
800,1,efecto rebote en la conservación
801,1,energy efficiency
802,1,eficiencia energética
803,1,livestock efficiency
804,1,eficiencia ganadera
805,1,yeast fermentation
806,1,fermentación de levadura
807,1,soil improvement
808,1,el mejoramiento del suelo
809,1,sustainable tourism
810,1,el turismo sostenible
811,2,waste management processes devising
812,2,elaboración de procesos de gestión de residuos.
813,1,solid state fermentation
814,1,fermentación en estado sólido
815,1,industrial fermentation
816,1,fermentación industrial
817,1,phytochemistry
818,1,fitoquímica
819,1,electrohydrogenesis
820,1,electrohidrogénesis
821,1,electromethanogenesis
822,1,electrometanogénesis
823,1,phytoremediation
824,1,fitorremediación
825,1,microbial electrosynthesis
826,1,electrosíntesis microbiana
827,1,feed formulation
828,1,formulación de piensos
829,1,biochemical waste disposal
830,1,eliminación de residuos bioquímicos
831,1,phosphoproteomics
832,1,fosfoproteómica
833,1,net-carbon zero emission
834,1,emisiones netas de carbono cero
835,1,photobiology
836,1,fotobiología
837,1,green jobs
838,1,empleos verdes
839,1,photophysics
840,1,fotofísica
841,1,photosynthesis
842,1,fotosíntesis
843,3,intron-encoded endonuclease i-scei
844,3,endonucleasa i-scei codificada por intrón
845,1,biogas energy
846,1,energía de biogás
847,1,clean energy
848,1,energia limpia
849,1,energy for sustainable development
850,1,energía para el desarrollo sostenible
851,1,sustainable energy
852,1,energía sostenible
853,1,fungiculture
854,1,fungicultura
855,1,somatic fusion
856,1,fusión somática
857,1,genetics
858,1,genética
859,1,quantitative genetics
860,1,genética cuantitativa
861,1,entomology
862,1,entomología
863,2,agricultural entomology
864,2,entomología agrícola
865,1,fungal genetics
866,1,genética de hongos
867,1,population genetics
868,1,genética de poblaciones
869,1,intracellular delivery
870,1,entrega intracelular
871,1,rice genetics
872,1,genética del arroz
873,1,molecular genetics
874,1,genética molecular
875,1,plant genetics
876,1,genética vegetal
877,1,genomics
878,1,genómica
879,1,genotyping
880,1,genotipado
881,1,genotyping by sequencing
882,1,genotipado por secuenciación
883,1,enzymatic hydrolysis
884,1,hidrólisis encimática
885,1,filamentous fungi
886,1,hongos filamentosos
887,1,molecular identification
888,1,identificación molecular
889,1,scientific writing
890,1,escritura científica
891,1,electromagnetic spectrum
892,1,espectro electromagnético
893,1,spectrophotometry
894,1,espectrofotometría
895,1,biomolecular engineering
896,1,ingeniería biomolecular
897,1,biochemical engineering
898,1,ingeniería bioquímica
899,1,biotechnological engineering
900,1,ingeniería biotecnológica
901,1,spectroscopy
902,1,espectroscopia
903,1,agricultural statistics
904,1,estadísticas agrícolas
905,1,sustainability standards and certification
906,1,estándares y certificación de sostenibilidad.
907,1,aquaculture ponds
908,1,estanques de acuicultura
909,2,manure aquaculture ponds
910,2,estanques de acuicultura con estiércol
911,1,pond manuring in aquaculture
912,1,estiércol de estanques en acuicultura
913,1,macro-regional strategy
914,1,estrategia macrorregional
915,1,aquaculture strategies developing
916,1,estrategias de acuicultura en desarrollo
917,1,irrigation strategies
918,1,estrategias de riego
919,1,strategies for aquaculture
920,1,estrategias para la acuicultura
921,1,biomaterial engineering
922,1,ingeniería de biomateriales
923,1,protein structure
924,1,estructura de la proteína
925,1,protein engineering
926,1,ingeniería de proteínas
927,2,feasibility study on biogas energy
928,2,estudio de viabilidad sobre la energía del biogás
929,1,environmental studies
930,1,estudios ambientales
931,1,biochemical reaction engineering
932,1,ingeniería de reacción bioquímica
933,1,genetic engineering
934,1,ingeniería genética
935,1,impact assessment
936,1,evaluación de impacto
937,1,metabolic engineering
938,1,ingeniería metabólica
939,1,biodiversity assessment
940,1,evaluación de la biodiversidad
941,1,growth rate assessing of cultivated fish species
942,1,evaluación de la tasa de crecimiento de especies de peces cultivadas.
943,2,assessing fish samples for diagnosis
944,2,evaluación de muestras de peces para diagnóstico.
945,1,life cycle assessment
946,1,evaluación del ciclo de vida
947,1,feeding behaviour of larvae assessing
948,1,evaluación del comportamiento alimentario de las larvas.
949,1,aquaculture environmental impact assessing
950,1,evaluación del impacto ambiental de la acuicultura
951,1,assess system performance
952,1,evaluar el rendimiento del sistema
953,1,assess production costs
954,1,evaluar los costos de producción.
955,1,biological inoculants
956,1,inoculantes biológicos
957,1,gene expression
958,1,la expresion genica
959,1,lipidomics
960,1,lipidómica
961,1,lipoproteins
962,1,lipoproteínas
963,1,mammals
964,1,mamíferos
965,1,molecular markers
966,1,marcadores moleculares
967,1,environmental friendly materials
968,1,materiales amigables con el medio ambiente
969,1,nanostructured materials
970,1,materiales nanoestructurados
971,1,polymeric materials
972,1,materiales poliméricos
973,1,molecular plant breeding
974,1,mejoramiento de plantas moleculares
975,1,molecular breeding
976,1,mejoramiento molecular
977,1,pharmaceutics
978,1,farmacia
979,1,pharmacokinetics
980,1,farmacocinética
981,1,pharmacogenetics
982,1,farmacogenética
983,1,pharmacogenomics
984,1,farmacogenómica
985,1,pharmacognosy
986,1,farmacognosia
987,1,plant breeding
988,1,mejoramiento vegetal
989,1,secondary metabolites
990,1,metabolitos secundarios
991,1,metabolomics
992,1,metabolómica
993,1,metagenomics
994,1,metagenómica
995,1,mycoremediation
996,1,micoremediación
997,1,general microbiology
998,1,microbiología general
999,1,molecular microbiology
1000,1,microbiología molecular
1001,1,microbial fermentation
1002,1,fermentación microbiana
1003,1,fertility of soil
1004,1,fertilidad del suelo
1005,1,soil fertility
1006,1,fertilizers
1007,1,fertilizantes
1008,1,microfluidics
1009,1,microfluidos
1010,1,phycotechnology
1011,1,ficotecnología
1012,1,blended finance
1013,1,finanzas mixtas
1014,1,digital microfluidics
1015,1,microfluidos digitales
1016,1,microinjection
1017,1,microinyección
1018,1,phytotechnology
1019,1,fitotecnología
1020,1,flavonoids
1021,1,flavonoides
1022,1,microorganisms
1023,1,microorganismos
1024,1,microcarrier
1025,1,microportador
1026,1,pharmaceutical formulation
1027,1,formulación farmacéutica
1028,1,micropropagation
1029,1,micropropagación
1030,1,fluorescence microscopy
1031,1,microscopio fluorescente
1032,1,kinetic modeling
1033,1,modelado cinético
1034,1,nanobiotechnology
1035,1,nanobiotecnología
1036,1,nanoscience
1037,1,nanociencia
1038,1,nanofabrication
1039,1,nanofabricación
1040,1,nanomaterials
1041,1,nanomateriales
1042,1,nanoneuronics
1043,1,nanoneurónica
1044,1,animal genetics
1045,1,genética animal
1046,1,nanoparticles
1047,1,nanopartículas
1048,1,nanotechnology
1049,1,nanotecnología
1050,1,omics
1051,1,ómicas
1052,1,ngos
1053,1,ong
1054,1,pcr
1055,1,polymers
1056,1,polímeros
1057,3,genexpert infinity
1058,3,genexperto infinito
1059,1,biodegradable polymers
1060,1,polímeros biodegradables
1061,1,protein precipitation
1062,1,precipitación de proteínas
1063,1,animal genomics
1064,1,genómica animal
1065,1,enzymatic preparation
1066,1,preparación enzimática
1067,1,probiotics
1068,1,probióticos
1069,1,drying procedures
1070,1,procedimientos de secado
1071,1,upstream processing
1072,1,procesamiento ascendente
1073,1,environmental management
1074,1,gestión ambiental
1075,1,forest management
1076,1,gestión de bosques
1077,1,engineering management
1078,1,gestión de ingeniería
1079,1,supply chain management
1080,1,gestión de la cadena de suministro
1081,1,quality management
1082,1,gestión de la calidad
1083,1,innovation management
1084,1,gestión de la innovación
1085,1,production management
1086,1,gestión de la producción
1087,1,sustainability management
1088,1,gestión de la sostenibilidad
1089,1,laboratory management
1090,1,gestión de laboratorio
1091,1,nutrient management
1092,1,gestión de nutrientes
1093,1,water resources management
1094,1,gestión de recursos hídricos
1095,1,natural resource management
1096,1,gestión de recursos naturales
1097,1,managing waste
1098,1,gestión de residuos
1099,1,waste management
1100,1,sustainable supply management
1101,1,gestión de suministros sostenibles
1102,1,yield management
1103,1,gestión del rendimiento
1104,1,fishery management
1105,1,gestión pesquera
1106,1,fish harvest methods
1107,1,métodos de captura de peces
1108,1,sustainable management
1109,1,gestión sostenible
1110,2,sustainable management of resources
1111,2,gestión sostenible de los recursos.
1112,1,manage fishery using biological knowledge
1113,1,gestionar la pesca utilizando el conocimiento biológico
1114,1,environmental governance
1115,1,gobernanza ambiental
1116,1,healthy farm
1117,1,granja saludable
1118,1,laboratory skills
1119,1,habilidades de laboratorio
1120,1,herpetology
1121,1,herpetología
1122,1,downstream processing
1123,1,procesamiento en bajada
1124,1,enzymatic processing
1125,1,procesamiento enzimático
1126,1,fungi
1127,1,hongos
1128,1,enzyme processing
1129,1,horticulture
1130,1,horticultura
1131,1,product environmental footprint
1132,1,huella ambiental del producto
1133,1,fermentation process
1134,1,proceso de fermentación
1135,1,biochemical processes
1136,1,procesos bioquímicos
1137,2,identify the environmental impact of specific aquaculture activity
1138,2,identificar el impacto ambiental de una actividad acuícola específica.
1139,2,identifying the impact of specific aquaculture activity
1140,2,identificar el impacto de una actividad acuícola específica
1141,1,identifying characteristics of crops
1142,1,identificar las características de los cultivos.
1143,1,protein production
1144,1,producción de proteínas
1145,1,global warming impact
1146,1,impacto del calentamiento global
1147,2,environmental impact
1148,2,impacto medioambiental
1149,1,biochemical products
1150,1,productos bioquímicos
1151,1,sustainable industries
1152,1,industrias sustentables
1153,1,reporting harvested fish production
1154,1,informar la producción de pescado cosechado
1155,1,sustainability reporting
1156,1,informes de sostenibilidad
1157,1,host cell protein
1158,1,proteína de la célula huésped
1159,1,single-cell protein
1160,1,proteína unicelular
1161,1,recombinant proteins
1162,1,proteínas recombinantes
1163,1,wastewater engineering
1164,1,ingeniería de aguas residuales
1165,1,food engineering
1166,1,ingeniería de alimentos
1167,1,proteomics
1168,1,proteómica
1169,1,bioprocess engineering
1170,1,ingeniería de bioprocesos
1171,1,bioproducts engineering
1172,1,ingeniería de bioproductos
1173,1,design engineering
1174,1,ingeniería de diseño
1175,1,production engineering
1176,1,ingeniería de producción
1177,1,product engineering
1178,1,ingeniería de producto
1179,1,biomaterials testing
1180,1,pruebas de biomateriales
1181,1,genomic testing
1182,1,pruebas genómicas
1183,1,tissue engineering
1184,1,ingeniería de tejidos
1185,1,protein purification
1186,1,purificación de proteínas
1187,1,bioinorganic chemistry
1188,1,química bioinorgánica
1189,1,chemical engineering
1190,1,ingeniería química
1191,1,polymerase chain reaction
1192,1,reacción en cadena de la polimerasa
1193,1,immunoscreening
1194,1,inmunodetección
1195,2,cancer immunotherapy
1196,2,inmunoterapia contra el cáncer
1197,1,business innovation
1198,1,innovación empresarial
1199,1,polymerase chain reaction (pcr)
1200,1,reacción en cadena de la polimerasa (pcr)
1201,1,biogas installations
1202,1,instalaciones de biogás
1203,1,biomass installations
1204,1,instalaciones de biomasa
1205,1,biomedical instrumentation
1206,1,instrumentación biomédica
1207,2,analytical chemistry instrumentation
1208,2,instrumentación de química analítica
1209,1,sustainable intensification
1210,1,intensificación sostenible
1211,1,reverse transcription polymerase chain reaction
1212,1,reacción en cadena de la polimerasa con transcripción inversa
1213,1,real-time polymerase chain reaction (qpcr)
1214,1,reacción en cadena de la polimerasa en tiempo real (qpcr)
1215,1,microbial interactions
1216,1,interacciones microbianas
1217,1,strategic sustainable investing
1218,1,inversión estratégica sostenible
1219,1,rural investment
1220,1,inversión rural
1221,1,investigation
1222,1,investigación
1223,1,laboratory investigation
1224,1,investigación de laboratorio
1225,1,rural research
1226,1,investigación rural
1227,1,research and development
1228,1,investigación y desarrollo
1229,1,biochemical reactors
1230,1,reactores bioquímicos
1231,1,operations management
1232,1,jefe de operaciones
1233,1,dna sequencing
1234,1,secuenciación del adn
1235,1,genome sequencing
1236,1,secuenciación del genoma
1237,1,food production
1238,1,la producción de alimentos
1239,1,crop production
1240,1,la producción de cultivos
1241,1,crop rotation
1242,1,la rotación de cultivos
1243,1,medical laboratory
1244,1,laboratorio médico
1245,1,sonoporation
1246,1,sonoporación
1247,1,sustainable tillage
1248,1,labranza sostenible
1249,1,subcloning
1250,1,subclonación
1251,1,basic molecular biology techniques
1252,1,técnicas básicas de biología molecular
1253,1,biotechnological techniques
1254,1,técnicas biotecnológicas
1255,1,molecular biological techniques
1256,1,técnicas de biología molecular
1257,1,laboratory-based techniques
1258,1,técnicas de laboratorio
1259,1,in vitro techniques
1260,1,técnicas in vitro
1261,1,fermentation technology
1262,1,tecnología de fermentación
1263,1,assisted reproductive technology
1264,1,tecnología de reproducción asistida
1265,1,post harvest technology
1266,1,tecnología poscosecha
1267,1,rna therapeutics
1268,1,terapéutica de arn
1269,1,bacterial therapy
1270,1,terapia bacteriana
1271,1,nucleic acid thermodynamics
1272,1,termodinámica del ácido nucleico.
1273,1,transcriptomics
1274,1,transcriptómica
1275,1,single-cell transcriptomics
1276,1,transcriptómica unicelular
1277,1,transfection
1278,1,transfección
1279,1,transfer dna
1280,1,transferir adn
1281,1,transposon
1282,1,transposón
1283,1,biocatalytic processes
1284,1,usando procesos biocatalíticos
1285,1,expression vector
1286,1,vector de expresión
1287,2,coal slurry
1288,2,lodo de carbón
1289,1,farming methods
1290,1,los métodos de cultivo
1291,1,macroeconomics
1292,1,macroeconómica
1293,1,xenobiology
1294,1,xenobiología
1295,1,crop management
1296,1,manejo de cultivos
1297,1,handling biochemical wastes
1298,1,manejo de desechos bioquímicos
1299,1,health management
1300,1,manejo de la salud
1301,1,sustainable forest management
1302,1,manejo forestal sostenible
1303,1,livestock management
1304,1,manejo ganadero
1305,1,integrated disease management
1306,1,manejo integrado de enfermedades
1307,1,integrated pest management
1308,1,manejo integrado de plagas
1309,1,equipment maintenance
1310,1,mantenimiento de equipo
1311,2,aquaculture pond maintaining
1312,2,mantenimiento de estanques de acuicultura
1313,2,biogas plant maintaining
1314,2,mantenimiento de plantas de biogás.
1315,1,sequencing
1316,1,secuenciación
1317,2,hachimoji dna
1318,2,adn de hachimoji
1319,2,dna ligase
1320,2,adn ligasa
1321,1,bioinstructive material
1322,1,material bioinstructivo
1323,2,recombinase polymerase amplification
1324,2,amplificación de la recombinasa polimerasa
1325,2,helicase-dependent amplification
1326,2,amplificación dependiente de helicasa
1327,2,ribosomal intergenic spacer analysis
1328,2,análisis del espaciador intergénico ribosómico.
1329,1,matlab
1330,2,analyse cell cultures
1331,2,analizar cultivos celulares.
1332,2,photo-reactive amino acid analog
1333,2,análogo de aminoácido fotorreactivo
1334,1,starch production mechanisms
1335,1,mecanismos de producción de almidón.
1336,1,specialty drugs
1337,1,medicamentos especializados
1338,1,precision medicine
1339,1,medicina de precisión
1340,1,personalized medicine
1341,1,medicina personalizada
1342,1,living medicine
1343,1,medicina viva
1344,1,sustainability measurement
1345,1,medición de la sostenibilidad
1346,1,forestry measurements
1347,1,mediciones forestales
1348,2,long non-coding rna
1349,2,arn largo no codificante
1350,1,biogas meter
1351,1,medidor de biogás
1352,2,biogas meter
1353,2,medidor de biogás
1354,2,operating biogas meter
1355,2,medidor de biogás en funcionamiento
1356,1,sustainable livelihood
1357,1,medios de vida sostenibles
1358,2,tumor-homing bacteria
1359,2,bacterias que se dirigen a los tumores
1360,1,optimization
1361,1,mejoramiento
1362,2,dna-encoded chemical library
1363,2,biblioteca química codificada por adn
1364,2,biochip
1365,2,moss bioreactor
1366,2,biorreactor de musgo
1367,1,energy market
1368,1,mercado energético
1369,1,sustainable markets
1370,1,mercados sostenibles
1371,2,fluorescent glucose biosensor
1372,2,biosensor de glucosa fluorescente
1373,2,chem-seq
1374,1,metagenics
1375,1,metagénica
1376,2,chip sequencing
1377,2,chip-seq
1378,1,sustainable development goals
1379,1,metas de desarrollo sostenible
1380,2,plant harvest methods
1381,2,métodos de cosecha de plantas.
1382,2,ta cloning
1383,2,clonación ta
1384,1,microbiological methods
1385,1,métodos microbiológicos
1386,1,sustainable metrics
1387,1,métricas sostenibles
1388,1,environmental mycology
1389,1,micología ambiental
1390,2,synchronous coefficient of drag alteration
1391,2,coeficiente sincrónico de alteración de arrastre.
1392,1,microalgae
1393,1,microalgas
1394,2,dna condensation
1395,2,condensación de adn
1396,1,microbiology
1397,1,microbiología
1398,1,aquatic microbiology
1399,1,microbiología acuática
1400,1,agricultural microbiology
1401,1,microbiología agrícola
1402,1,environmental microbiology
1403,1,microbiología ambiental
1404,1,applied microbiology
1405,1,microbiología aplicada
1406,1,clinical microbiology
1407,1,microbiología clínica
1408,1,soil microbiology
1409,1,microbiología del suelo
1410,2,fed-batch culture
1411,2,cultura por lotes alimentados
1412,2,high resolution melt
1413,2,derretimiento de alta resolución
1414,2,microphysiometry
1415,2,microfisiometría
1416,2,develop biocatalytic processes
1417,2,desarrollar procesos biocatalíticos.
1418,2,primer dimer
1419,2,dímero de imprimación
1420,2,drip-seq
1421,1,micronutrition
1422,1,micronutrición
1423,2,gene knock-in
1424,2,efecto genético
1425,1,pathogenic microorganisms
1426,1,microorganismos patógenos
1427,1,microbead
1428,1,microperlas
1429,2,gene electrotransfer
1430,2,electrotransferencia genética
1431,2,homing endonuclease
1432,2,endonucleasa dirigida
1433,2,cell culture assay
1434,2,ensayo de cultivo celular
1435,1,micro-sustainability
1436,1,microsostenibilidad
1437,1,data mining and knowledge discovery
1438,1,minería de datos y descubrimiento de conocimientos
1439,2,selection and amplification binding assay
1440,2,ensayo de unión de selección y amplificación.
1441,1,climate change mitigation
1442,1,mitigación del cambio climático
1443,2,high-performance integrated virtual environment
1444,2,entorno virtual integrado de alto rendimiento
1445,1,bioprocess modelling
1446,1,modelado de bioprocesos
1447,1,system modeling
1448,1,modelado de sistemas
1449,1,economic modeling
1450,1,modelado económico
1451,1,modeling and simulation
1452,1,modelado y simulación
1453,1,inclusive business model
1454,1,modelo de negocio inclusivo
1455,1,biodiversity monitoring
1456,1,monitoreo de la biodiversidad
1457,1,monitoring of environmental parameters
1458,1,monitoreo de parámetros ambientales.
1459,3,morpholino
1460,3,morfolino
1461,1,fish samples for diagnosis
1462,1,muestras de peces para diagnostico
1463,2,gene delivery
1464,2,entrega de genes
1465,2,rare-cutter enzyme
1466,2,enzima cortadora rara
1467,2,nicking enzyme
1468,2,enzima melladora
1469,2,biochemical analysis equipment
1470,2,equipo de análisis bioquímico
1471,2,substantial equivalence
1472,2,equivalencia sustancial
1473,2,streptamer
1474,2,estreptámero
1475,2,feasibility study on biomass system
1476,2,estudio de viabilidad del sistema de biomasa
1477,2,strep-tag
1478,2,etiqueta estreptocócica
1479,2,out of autoclave composite manufacturing
1480,2,fabricación de composites fuera de autoclave
1481,2,fermentation at production scale
1482,2,fermentación a escala de producción.
1483,1,sustainable business
1484,1,negocio sustentable
1485,2,nitrogen fertilisers
1486,2,fertilizantes nitrogenados
1487,2,photobiotin
1488,2,fotobiotina
1489,2,color genomics
1490,2,genómica del color
1491,2,snp genotyping
1492,2,genotipado de snp
1493,1,nutrition
1494,1,nutrición
1495,1,aquaculture nutrition
1496,1,nutrición acuícola
1497,1,animal nutrition
1498,1,nutrición animal
1499,1,nutrition of plant soil
1500,1,nutrición del suelo vegetal
1501,1,plant nutrition
1502,1,nutrición vegetal
1503,1,soil nutrient
1504,1,nutriente del suelo
1505,1,nutrigenomics
1506,1,nutrigenómica
1507,2,sustainable development goal
1508,2,objetivo de desarrollo sostenible
1541,2,rabbit hybridoma
1542,2,hibridoma de conejo
1543,1,oncogenomics
1544,1,oncogenómica
1545,2,genetically encoded voltage indicator
1546,2,indicador de voltaje codificado genéticamente.
1547,1,farming operations
1548,1,operaciones agrícolas
1549,1,production operations
1550,1,operaciones de producción
1551,1,health operations
1552,1,operaciones de salud
1553,1,safety operations
1554,1,operaciones de seguridad
1555,1,operate in different climatic situations
1556,1,operar en diferentes situaciones climáticas.
1557,1,operate biogas plant
1558,1,operar planta de biogás.
1559,1,bioprocess optimization
1560,1,optimización de bioprocesos
1561,1,process optimization
1562,1,optimización de procesos
1563,1,design optimization
1564,1,optimización del diseño
1565,2,optoelectrowetting
1566,2,optoelectrohumectación
1567,2,tnf inhibitor
1568,2,inhibidor del tnf
1569,2,protein–dna interaction
1570,2,interacción proteína-adn
1571,2,protein–protein interaction
1572,2,interacción proteína-proteína
1573,1,natural heritage
1574,1,patrimonio natural
1575,2,isoschizomer
1576,2,isosquizómero
1577,2,gene knockout
1578,2,knockout genético
1579,2,molecularlab
1580,2,laboratorio molecular
1581,2,split-intein circular ligation of peptides and proteins
1582,2,ligadura circular dividida entre péptidos y proteínas.
1583,2,smart ligand
1584,2,ligando inteligente
1585,2,list of homing endonuclease cutting sites
1586,2,lista de sitios de corte de endonucleasas localizadas
1587,1,permaculture
1588,1,permacultura
1589,1,fisheries
1590,1,pesca
1591,1,aquaculture fisheries
1592,1,pesca acuícola
1593,1,pharming (genetics)
1594,1,pharming (genética)
1595,2,stable isotope labeling by amino acids in cell culture
1596,2,marcado de isótopos estables por aminoácidos en cultivos celulares.
1597,2,molecular-weight size marker
1598,2,marcador de tamaño de peso molecular
1599,1,plant protection
1600,1,plan de proteccion
1601,1,forest management plans
1602,1,planes de manejo forestal
1603,1,biogas plant
1604,1,planta de biogás
1605,1,plants
1606,1,plantas
1607,1,tree population
1608,1,población de árboles
1609,1,energy poverty
1610,1,pobreza energética
1611,1,polycultures
1612,1,policultivos
1613,2,lipid bilayer mechanics
1614,2,mecánica de la bicapa lipídica.
1615,2,fermentation mechanisms of food
1616,2,mecanismos de fermentación de los alimentos.
1617,2,fermentation measures of food
1618,2,medidas de fermentación de los alimentos.
1619,1,environmental policy
1620,1,política de medio ambiente
1621,1,agricultural policies
1622,1,políticas agrícolas
1623,2,sustainable management policies
1624,2,políticas de gestión sostenible
1625,2,meganuclease
1626,2,meganucleasa
1627,1,sample preparation
1628,1,preparación de la muestra
1629,2,methods of microalgae production
1630,2,métodos de producción de microalgas.
1631,1,pollution prevention
1632,1,prevención de la contaminación
1633,1,economic forecasts
1634,1,previsiones económicas
1635,1,substitution principle
1636,1,principio de sustitución
1637,2,cellular microarray
1638,2,microarray celular
1639,2,sustainable agricultural production principles
1640,2,principios de producción agrícola sostenible
1641,2,minigene
1642,2,minigen
1643,2,knockout moss
1644,2,musgo knockout
1645,2,mutanome
1646,2,polyphosphate-accumulating organisms
1647,2,organismos acumuladores de polifosfatos
1648,1,food processing
1649,1,procesamiento de alimentos
1650,1,biomass processing
1651,1,procesamiento de biomasa
1652,1,biomedical signal processing
1653,1,procesamiento de señales biomédicas
1654,2,folate targeting
1655,2,orientación al folato
1656,2,crispr-display
1657,2,pantalla crispr
1658,2,rnase h-dependent pcr
1659,2,pcr dependiente de arnasa h
1660,1,process development
1661,1,proceso de desarrollo
1662,2,cold-pcr
1663,2,pcr en frío
1664,2,molecular glue
1665,2,pegamento molecular
1666,2,pegylation
1667,2,pegilación
1668,2,dna clamp
1669,2,pinza de adn
1670,2,pyrosequencing
1671,2,pirosecuenciación
1672,2,waste management processes
1673,2,procesos de gestión de residuos
1674,2,food production processes
1675,2,procesos de producción de alimentos
1676,1,starch production processes
1677,1,procesos de producción de almidón.
1678,1,sustainable agricultural production
1679,1,producción agrícola sostenible
1680,1,animal production
1681,1,producción animal
1682,1,biological hydrogen production
1683,1,producción biológica de hidrógeno.
1684,1,biofuel production
1685,1,producción de biocombustibles
1686,1,bioethanol production
1687,1,producción de bioetanol
1688,2,biohydrogen production
1689,2,producción de biohidrógeno
1690,2,biogas energy production
1691,2,producción de energía de biogás
1692,2,production of ethanol
1693,2,producción de etanol
1694,1,microalgae production
1695,1,producción de microalgas
1696,2,single-nucleotide polymorphism
1697,2,polimorfismo de nucleótido simple
1698,1,livestock productivity
1699,1,productividad ganadera
1700,1,green gross domestic product
1701,1,producto interno bruto verde
1702,2,yeast fermentation principles
1703,2,principios de fermentación de la levadura.
1704,2,coal combustion products
1705,2,productos de combustión de carbón
1706,2,fermentation procedures of food
1707,2,procedimientos de fermentación de los alimentos.
1708,1,plant propagation
1709,1,propagación de plantas
1710,1,intellectual property
1711,1,propiedad intelectual
1712,1,crop protection
1713,1,protección de cultivos
1714,1,biodiversity protecting
1715,1,protección de la biodiversidad
1716,2,wine fermentation process
1717,2,proceso de fermentación del vino.
1718,2,fermentation processes of food
1719,2,procesos de fermentación de los alimentos.
1720,1,proteins
1721,1,proteínas
1722,2,tac-promoter
1723,2,promotor táctico
1724,3,proteolysis targeting chimera
1725,3,proteólisis dirigida a quimera
1726,2,rapid antigen test
1727,2,prueba rápida de antígenos
1728,3,visible embryo project
1729,3,proyecto de embrión visible
1730,1,laboratory testing
1731,1,prueba de laboratorio
1732,1,genetic testing
1733,1,prueba genética
1734,2,lung-on-a-chip
1735,2,pulmón en un chip
1736,2,carry out cell culture analysis
1737,2,realizar análisis de cultivos celulares.
1738,1,diagnostic testing
1739,1,pruebas de diagnóstico
1740,2,perform a feasibility study on biomass systems
1741,2,realizar un estudio de viabilidad sobre sistemas de biomasa
1742,2,site-specific recombination
1743,2,recombinación específica del sitio
1744,2,single cell sequencing
1745,2,secuenciación de células individuales
1746,2,abi solid sequencing
1747,2,secuenciación de sólidos abi
1748,2,third-generation sequencing
1749,2,secuenciación de tercera generación
1750,1,chemistry
1751,1,química
1752,1,applied chemistry
1753,1,quimica aplicada
1754,2,whole genome sequencing
1755,2,secuenciación del genoma
1756,1,natural product chemistry
1757,1,química de productos naturales
1758,1,protein chemistry
1759,1,química de proteínas
1760,1,natural chemistry
1761,1,quimica natural
1762,2,genome sequencing
1763,2,secuenciación del genoma de especies en peligro de extinción.
1764,2,solid phase sequencing
1765,2,secuenciación en fase sólida
1766,2,single molecule fluorescent sequencing
1767,2,secuenciación fluorescente de una sola molécula.
1768,2,ion semiconductor sequencing
1769,2,secuenciación ion torrent
1770,2,dna separation by silica adsorption
1771,2,separación de adn por adsorción de sílice.
1772,2,dna‐templated organic synthesis
1773,2,síntesis orgánica con plantilla de adn
1774,2,vacuum dewatering system
1775,2,sistema de deshidratación al vacío
1776,1,land recycling
1777,1,reciclaje de tierras
1778,1,crop gathering
1779,1,recolección de cultivos
1780,2,artificially expanded genetic information system
1781,2,sistema de información genética ampliado artificialmente
1782,1,waste resources
1783,1,recursos desperdiciados
1784,1,reduce environmental impact on the surrounding area
1785,1,reducir el impacto ambiental en el entorno
1786,1,waste regulation
1787,1,regulación de residuos
1788,1,environmental remediation
1789,1,remediación ambiental
1790,1,crop yields
1791,1,rendimientos de los cultivos
1792,2,biogas plant repairing
1793,2,reparación de plantas de biogás.
1794,1,reforestation
1795,1,repoblación forestal
1796,1,animal reproduction
1797,1,reproducción animal
1798,1,biodegradable waste
1799,1,residuos biodegradables
1800,1,biochemical waste
1801,1,residuos bioquímicos
1802,1,animal feeds waste
1803,1,residuos de alimentos para animales
1804,1,waste from fish harvesting
1805,1,residuos de la pesca
1806,1,metabolic waste
1807,1,residuos metabólicos
1808,2,systemic change resistance
1809,2,resistencia al cambio sistémico
1810,1,corporate social responsibility
1811,1,responsabilidad social corporativa
1812,1,soil irrigation
1813,1,riego del suelo
1814,1,spray drying
1815,1,secado por aspersión
1816,2,smile-seq
1817,2,sonrisa-seq
1818,2,subtelomere
1819,2,subtelómero
1820,2,suppression subtractive hybridization
1821,2,supresión de hibridación sustractiva.
1822,2,bioremediation techniques
1823,2,técnicas de biorremediación
1824,2,techniques of microalgae production
1825,2,técnicas de producción de microalgas.
1826,2,tk cell therapy
1827,2,terapia con células tk
1828,2,gene therapy
1829,2,terapia de genes
1830,2,spatial transcriptomics
1831,2,transcriptómica espacial
1832,2,magnet-assisted transfection
1833,2,transfección asistida por imán
1834,2,transfer dna binary system
1835,2,transferir sistema binario de adn.
1836,1,carbon sequestration
1837,1,secuestro de carbón
1838,1,fisheries monitoring
1839,1,seguimiento de la pesca
1840,1,food security
1841,1,seguridad alimentaria
1842,2,dna field-effect transistor
1843,2,transistor de efecto de campo de adn
1844,1,sawdust
1845,1,serrín
1846,1,agricultural services
1847,1,servicios agrícolas
1848,1,ecosystem services
1849,1,servicios de ecosistema
1850,1,forestry
1851,1,silvicultura
1852,1,bioprocess simulation
1853,1,simulación de bioprocesos
1854,1,process simulation
1855,1,simulación de procesos
1856,2,matlab simulation
1857,2,simulaciónmatlab
1858,1,organic synthesis
1859,1,síntesis orgánica
1860,2,vectors in gene therapy
1861,2,vectores en terapia génica
1862,1,agri-food system
1863,1,sistema agroalimentario
1864,2,agroforestry system
1865,2,sistema agroforestal
1866,2,biogas system
1867,2,sistema de biogás
1868,1,biomass system
1869,1,sistema de biomasa
1870,2,next generation sequencing
1871,2,secuenciación de próxima generación
1872,3,allo-715
1873,3,alo-715
1874,1,food systems
1875,1,sistemas alimentarios
1876,1,aquaculture systems
1877,1,sistemas de acuicultura
1878,1,food-energy systems
1879,1,sistemas de energía alimentaria
1880,1,renewable energy systems
1881,1,sistemas de energía renovable
1882,1,solar power systems
1883,1,sistemas de energía solar
1884,1,delivery systems
1885,1,sistemas de entrega
1886,1,natural gas systems
1887,1,sistemas de gas natural
1888,1,production systems
1889,1,sistemas de producción
1890,1,dynamic systems
1891,1,sistemas dinámicos
1892,1,plant systematics
1893,1,sistemática vegetal
1894,1,nature based solutions
1895,1,soluciones basadas en la naturaleza
1896,1,climate solutions
1897,1,soluciones climáticas
1901,1,sustain bio-diversity
1902,1,sostener la biodiversidad
1903,1,sustainability
1904,1,sostenibilidad
1905,1,computational sustainability
1906,1,sostenibilidad computacional
1907,1,environmental sustainability
1908,1,sostenibilidad del medio ambiente
1909,1,urban sustainability
1910,1,sostenibilidad urbana
1911,3,biocyc database collection
1912,3,colección de bases de datos biocyc
1913,3,function-spacer-lipid kode construct
1914,3,construcción kode función-espaciador-lípido
1915,1,soil
1916,1,suelo
1917,3,ecori
1920,1,plant taxonomy
1921,1,taxonomía vegetal
1922,3,eftilagimod alpha
1923,3,eftilagimod alfa
1924,3,flap endonuclease
1925,3,endonucleasa de colgajo
1928,3,exposome
1929,3,exposoma
1932,1,decontamination techniques
1933,1,técnicas de descontaminación
1934,1,waste disposal techniques
1935,1,técnicas de eliminación de residuos
1939,1,climate tech
1940,1,tecnología climática
1941,1,bioprocess technology
1942,1,tecnología de bioprocesos
1943,1,biomass fuel technology
1944,1,tecnología de combustible de biomasa
1945,3,list of restriction enzyme cutting sites
1946,3,lista de sitios de corte de enzimas de restricción
1947,1,food technology
1948,1,tecnología de los alimentos
1949,1,microalgae technology
1950,1,tecnología de microalgas
1951,2,green chemistry technology
1952,2,tecnología de química verde
1953,3,list of restriction enzyme cutting sites: a
1954,3,lista de sitios de corte de enzimas de restricción: a
1955,1,biofuel energy technology
1956,1,tecnología energética de biocombustibles
1957,1,technology for renewable energy
1958,1,tecnología para energías renovables
1959,3,list of restriction enzyme cutting sites: ba–bc
1960,3,lista de sitios de corte de enzimas de restricción: ba – bc
1961,1,green technology
1962,1,tecnología verde
1963,1,renewable energy technologies
1964,1,tecnologías de energías renovables
1965,1,hydrogen technologies
1966,1,tecnologías de hidrógeno
1967,3,list of restriction enzyme cutting sites: bd–bp
1968,3,lista de sitios de corte de enzimas de restricción: bd-bp
1969,1,antisense therapy
1970,1,terapia antisentido
1971,3,list of restriction enzyme cutting sites: bsa–bso
1972,3,lista de sitios de corte de enzimas de restricción: bsa – bso
1973,1,cell therapy
1974,1,terapia celular
1981,1,gene therapies
1982,1,terapias genéticas
1995,3,nb.bbvci
1996,3,neoepitope
1997,3,neoepítopo
1998,3,nlaiii
1999,3,zinc finger nuclease
2000,3,nucleasa de dedos de zinc
2001,1,biological wastewater treatment
2002,1,tratamiento biológico de aguas residuales
2003,1,wastewater treatment
2004,1,tratamiento de aguas residuales
2005,2,municipal wastewater treatment
2006,2,tratamiento de aguas residuales municipales
2007,1,water and wastewater treatment
2008,1,tratamiento de aguas y aguas residuales
2009,1,waste treatment
2010,1,tratamiento de desechos
2011,1,product traceability
2012,1,trazabilidad del producto
2017,3,aminoallyl nucleotide
2018,3,nucleótido aminoalilo
2019,1,sustainable energy use
2020,1,uso sostenible de la energía
2021,1,sustainable land use
2022,1,uso sostenible de la tierra
2023,1,co-products valorization
2024,1,valorización de coproductos
2025,1,by-products valorization
2026,1,valorización de subproductos
2027,3,lysozyme pegylation
2028,3,pegilación de lisozima
2029,3,fermentation processes of beverages
2030,3,procesos de fermentación de bebidas.
2031,3,pubgene
2032,3,virotherapy
2033,3,viroterapia
2034,2,oncolytic herpes virus
2035,2,virus del herpes oncolítico
2036,1,plant virus
2037,1,virus vegetal
2038,1,vitamins
2039,1,vitaminas
2040,3,pvsripo
2041,1,bioresources
2042,1,biorrecursos
2043,1,sustainable resource management
2044,1,gestión sostenible de recursos
2045,1,green chemistry
2046,1,química verde
2047,1,biogenic resources
2048,1,recursos biogénicos
2049,1,biocultural asset
2050,1,activo biocultural
2051,1,bioregion
2052,1,bird biodiversity
2053,1,biodiversidad de aves
2054,1,bird tourism
2055,1,aviturismo
2056,1,bird watching
2057,1,observación de aves
2058,1,blue destiny
2059,1,destino azul
2060,1,blue infrastructure
2061,1,infraestructura azul
2062,1,community ecosystem monitoring network
2063,1,red de monitoreo comunitario de ecosistemas
2064,1,community tourism
2065,1,turismo comunitario
2066,1,conscious travel
2067,1,viaje consciente
2068,1,ecological values
2069,1,valores ecológicos
2070,1,ecotourism
2071,1,ecoturismo
2072,1,ecotourism services value chain
2073,1,cadena de valor de servicios ecoturísticos
2074,1,environmental awareness
2075,1,sensibilización ambiental
2076,1,environmental compensation
2077,1,compensación ambiental
2078,1,environmental conservation
2079,1,conservacion medioambiental
2080,1,environmental footprint
2081,1,huella ambiental
2082,1,environmental impact
2083,1,impacto ambiental
2084,1,environmental liability management
2085,1,gestión de pasivos ambientales
2086,1,environmental performance of tourism
2087,1,desempeño ambiental del turismo
2088,1,environmental responsibility
2089,1,responsabilidad ambiental
2090,1,environmental values
2091,1,valores ambientales
2092,1,governance for sustainable tourism
2093,1,gobernanza para el turismo sostenible
2094,1,green infrastructure
2095,1,infraestructura verde
2096,1,green tourism industry
2097,1,industria turística verde
2098,1,herpet observation
2099,1,observación de herpetos
2100,1,innovative destination
2101,1,destino innovador
2102,1,innovative tourism offer
2103,1,oferta innovadora de turismo
2104,1,innovative tourism products
2105,1,Productos turísticos innovadores
2106,1,intangible cultural heritage
2107,1,patrimonio cultural inmaterial
2108,1,loading capacity
2109,1,capacidad de carga
2110,1,local communities
2111,1,comunidades locales
2112,1,low carbon tourism offer
2113,1,oferta turística baja en carbono
2114,1,mitigation of the environmental footprint of tourism
2115,1,mitigación de la huella ambiental del turismo
2116,1,national heritage
2117,1,patrimonio nacional
2118,1,natural capital
2119,1,capital natural
2120,1,natural goods
2121,1,bienes naturales
2122,1,natural parks
2123,1,parques naturales
2124,1,natural reserve
2125,1,reserva natural
2126,1,natural tourist attraction
2127,1,atractivo turistico natural
2128,1,natural wealth
2129,1,riqueza natural
2130,1,nature scientific tourism
2131,1,turismo científico de naturaleza
2132,1,nature tourism
2133,1,turismo de naturaleza
2134,1,nature-focused tourism experiences
2135,1,experiencias turísticas centradas en la naturaleza
2136,1,plastic-free tourist destination
2137,1,destino turístico libre de plásticos
2138,1,protected natural area
2139,1,área natural protegida
2140,1,provision of ecosystem services
2141,1,provisión de servicios ecosistémicos
2142,1,regenerative tourism
2143,1,turismo regenerativo
2144,1,regional tourist narrative
2145,1,narrativa turística regional
2146,1,resilient tourist destination
2147,1,destino turistico resiliente
2148,1,responsible resource management
2149,1,gestión responsable de los recursos
2150,1,risk management for sustainable tourism
2151,1,gestión del riesgo para el turismo sostenible
2152,1,routes supported by natural capital
2153,1,rutas sustentadas en capital natural
2154,1,scientific nature tourism
2155,1,turismo cientifico de naturaleza
2156,3,human hgf plasmid dna therapy
2157,3,terapia de adn con plásmido hgf humano
2158,1,sewage treatment
2159,1,smart sustainable tourism
2160,1,turismo sostenible inteligente
2161,1,smart tourist destination
2162,1,destino turistico inteligente
2163,1,social inclusion
2164,1,inclusión social
2165,1,sociocultural integrity
2166,1,a integridad sociocultural
2167,1,solid waste management
2168,1,manejo de residuos sólidos
2169,1,specialized nature tourism
2170,1,turismo de naturaleza especializado
2171,1,strategic ecosystems
2172,1,ecosistemas estratégicos
2173,1,sustainability of attractions
2174,1,sostenibilidad de atractivos
2175,1,sustainability of the tourism value chain
2176,1,sostenibilidad de la cadena de valor del turismo
2177,1,sustainability of tourist destination
2178,1,sostenibilidad de destino turístico
2179,1,sustainable consumption
2180,1,consumo sostenible
2181,1,sustainable infrastructure
2182,1,infraestructura sostenible
2183,1,sustainable practices
2184,1,prácticas sostenibles
2185,1,sustainable specialized tourism product
2186,1,producto turístico especializado sustentable
2187,1,turismo sostenible
2188,1,sustainable tourism business
2189,1,negocio turístico sostenible
2190,1,sustainable tourism indicators
2191,1,indicadores de turismo sostenible
2192,1,sustainable tourism investment
2193,1,inversión turística sostenible
2194,1,sustainable tourism management
2195,1,gestión del turismo sostenible
2196,1,sustainable tourism offer
2197,1,oferta turística sostenible
2198,1,sustainable tourism production
2199,1,producción sostenible del turismo
2200,1,sustainable tourism products
2201,1,Productos turísticos sostenibles
2202,1,sustainable tourism project
2203,1,proyecto turístico sostenible
2204,1,sustainable tourism quality
2205,1,calidad turística sostenible
2206,1,sustainable tourist destinations
2207,1,destinos turísticos sostenibles
2208,1,sustainable travel culture
2209,1,cultura de viaje sostenible
2210,1,tourism co-responsibility
2211,1,corresponsabilidad turística
2212,1,tourism development
2213,1,desarrollo turístico
2214,1,tourism in protected areas
2215,1,turismo en áreas protegidas
2216,1,tourism intelligence platform
2217,1,plataforma de inteligencia turística
2218,1,tourism management
2219,1,gestión turística
2220,1,tourism sustainability
2221,1,sostenibilidad del turismo
2222,1,tourism-biodiversity relationship
2223,1,relación turismo-biodiversidad
2224,1,tourist behavior
2225,1,comportamiento turístico
2226,1,tourist geoportal
2227,1,geoportal turístico
2228,1,tourist power
2229,1,potencia turística
2230,1,touristic infrastructure
2231,1,infraestructura turística
2232,1,unique natural resources
2233,1,recursos naturales únicos
2234,1,value added
2235,1,valor agregado
2236,1,virtual tour
2237,1,recorrido virtual
2238,1,water footprint
2239,1,huella hídrica
2240,1,gestión del agua
2241,1,wildlife
2242,1,fauna silvestre
2243,3,virocap
2244,2,scientific nature tourism strategy
2245,2,estrategia de turismo cientifico de naturaleza
2246,2,tourism development plan
2247,2,plan de desarrollo turístico
2248,1,regenerative agri-food systems
2249,1,sistemas agroalimentarios regenerativos
2250,1,socio-ecological system
2251,1,sistema socio-ecológico
2252,1,regenerative agriculture
2253,1,agricultura regenerativa
2254,1,fixation of nitrogen
2255,1,fijación de nitrógeno
2256,1,soil health
2257,1,salud del suelo
2258,1,biological fertilization
2259,1,fertilización biológica
2260,1,agricultural system
2261,1,sistema agrícola
2262,1,organic material
2263,1,materia orgánica
2264,1,bioeconomic
2265,1,bioeconómico
2267,1,nutrient cycle
2268,1,ciclo de nutrientes
